timestamp,participant,experiment,condition,trial,mode,response_format,n_items,interval_s,delay_s,sequence,response,free_correct_n,free_accuracy,serial_correct_n,serial_accuracy,start_accuracy,middle_accuracy,end_accuracy,primacy_index,recency_index,wm_questions,wm_correct,tap_count,chunk_label
2026-09-15T09:46:15,Christiane,free_recall,unfilled_delay,1,visual,letters,16,3.0,60,R || E || G || J || X || H || M || G || D || E || Z || V || Z || L || Q || Q,Q || Q || V || V || Z || Z || H || A || I || K || T || N || F || X || E || R,9,0.5625,0,0.0,0.583333,0.3,0.8,0.283333,0.5,0,0,0,
2026-09-15T09:48:27,Christiane,free_recall,unfilled_delay,2,visual,letters,16,3.0,60,K || S || M || K || D || D || V || R || G || F || T || T || U || Q || H || J,V || S || M || V || D || D || K || R || G || H || V || T || F || T || U || K,14,0.875,7,0.4375,1.0,1.0,0.6,0.0,-0.4,0,0,0,
2026-09-15T09:50:52,Christiane,free_recall,unfilled_delay,3,visual,letters,16,3.0,60,Q || N || U || Q || A || R || M || Q || W || V || E || V || F || H || O || E,W || Q || R || S || T || F || I || E || K || U || N || F || M || J || K || E,9,0.5625,1,0.0625,0.611111,0.666667,0.4,-0.055556,-0.266667,0,0,0,
2026-09-15T09:53:10,Christiane,free_recall,unfilled_delay,4,visual,letters,16,3.0,60,B || F || M || Z || B || L || H || M || N || R || I || Q || M || M || P || N,B || L || M || Z || H || M || N || T || M || M || A || K || F || U || I || W,11,0.6875,3,0.1875,0.833333,0.7,0.5,0.133333,-0.2,0,0,0,
2026-09-15T09:55:42,Christiane,free_recall,unfilled_delay,5,visual,letters,16,3.0,60,I || V || G || B || D || D || Y || P || S || S || H || C || M || L || G || F,L || M || K || I || V || B || B || D || D || N || L || M || P || G || E || H,10,0.625,0,0.0,0.916667,0.4,0.5,0.516667,0.1,0,0,0,
2026-09-15T09:57:06,Christiane,free_recall,fast_rate,1,visual,letters,16,1.0,0,R || N || G || K || G || W || E || M || F || P || V || Z || I || Y || M || C,Z || Z || G || K || H || W || G || I || N || M || T || H || U || O || P || P,9,0.5625,3,0.1875,0.833333,0.3,0.5,0.533333,0.2,0,0,0,
2026-09-15T09:58:02,Christiane,free_recall,fast_rate,2,visual,letters,16,1.0,0,K || A || Z || T || Q || F || V || V || B || V || V || L || Y || V || Z || M,V || V || V || Z || F || Q || U || T || N || F || Y || R || N || T || U || D,8,0.5,0,0.0,0.583333,0.48,0.42,0.103333,-0.06,0,0,0,
2026-09-15T09:58:35,Christiane,free_recall,fast_rate,3,visual,letters,16,1.0,0,O || Q || X || C || P || Z || V || A || L || F || X || A || M || G || Z || F,V || A || L || X || F || M || D || L || M || P || A || W || T || R || S || A,8,0.5,0,0.0,0.25,0.8,0.5,-0.55,-0.3,0,0,0,
2026-09-15T09:59:21,Christiane,free_recall,fast_rate,4,visual,letters,16,1.0,0,J || C || C || K || M || P || S || A || I || I || S || W || D || R || B || M,I || I || L || L || R || X || I || A || B || G || D || M || A || W || T || S,9,0.5625,1,0.0625,0.083333,0.8,0.9,-0.716667,0.1,0,0,0,
2026-09-15T10:00:14,Christiane,free_recall,fast_rate,5,visual,letters,16,1.0,0,N || S || P || N || K || I || K || P || U || U || E || A || L || W || B || U,U || U || R || I || M || E || N || T || S || W || O || P || S || D || A || R,9,0.5625,0,0.0,0.583333,0.566667,0.533333,0.016667,-0.033333,0,0,0,
2026-09-15T10:25:07,Christiane,free_recall,working_memory,1,visual,letters,16,3.0,0,R || L || Y || T || R || R || I || O || E || R || O || A || G || W || Y || B,R || T || G || W || L || U || M || N || T || G || Q || W || U || I || O || H,7,0.4375,1,0.0625,0.458333,0.45,0.4,0.008333,-0.05,2,2,0,
2026-09-15T10:26:44,Christiane,free_recall,working_memory,2,visual,letters,16,3.0,0,T || T || E || X || Z || W || D || A || T || D || Z || F || I || B || P || C,G || R || L || M || T || G || W || S || A || N || L || T || W || O || S || K,4,0.25,0,0.0,0.388889,0.333333,0.0,0.055556,-0.333333,2,2,0,
2026-09-15T10:28:45,Christiane,free_recall,working_memory,3,visual,letters,16,3.0,0,Q || A || C || C || E || Z || H || D || U || I || L || E || E || T || K || T,T || C || A || I || I || D || D || W || U || N || I || F || O || R || M || R,6,0.375,1,0.0625,0.333333,0.6,0.2,-0.266667,-0.4,4,4,0,
2026-09-15T10:30:56,Christiane,free_recall,working_memory,4,visual,letters,16,3.0,0,P || L || P || O || F || A || M || T || K || S || N || V || H || B || Q || U,T || W || G || H || A || C || H || M || L || W || N || T || O || S || S || R,8,0.5,1,0.0625,0.5,0.8,0.2,-0.3,-0.6,6,5,0,
2026-09-15T10:33:23,Christiane,free_recall,working_memory,5,visual,letters,16,3.0,0,Z || R || R || T || S || K || M || G || Y || M || Z || A || G || M || M || I,T || A || Z || Z || A || W || I || I || F || V || O || T || S || N || T || U,6,0.375,0,0.0,0.5,0.2,0.4,0.3,0.2,5,5,0,
2026-09-15T10:39:17,Christiane,serial_recall,capacity_n4,1,visual,letters,4,3.0,0,L || Z || F || W,L || Z || F || W,4,1.0,4,1.0,1.0,1.0,1.0,0.0,0.0,0,0,0,
2026-09-15T10:39:43,Christiane,serial_recall,capacity_n4,2,visual,letters,4,3.0,0,Z || M || L || Q,Z || M || H || Q,3,0.75,3,0.75,1.0,0.0,1.0,1.0,1.0,0,0,0,
2026-09-15T10:49:00,Christiane,serial_recall,baseline,1,visual,letters,12,3.0,0,Z || P || Q || B || E || E || X || N || C || R || S || H,R || H || J || S || S || T || I || M || L || W || Q || P,5,0.416667,0,0.0,0.5,0.0,0.75,0.5,0.75,0,0,0,
2026-09-15T10:49:55,Christiane,serial_recall,baseline,2,visual,letters,12,3.0,0,Z || P || N || S || I || F || T || C || S || N || E || N,N || N || E || S || Z || A || G || H || T || Q || S || I,8,0.666667,1,0.083333,0.666667,0.5,0.833333,0.166667,0.333333,0,0,0,
2026-09-15T10:51:02,Christiane,serial_recall,baseline,3,visual,letters,12,3.0,0,K || K || L || I || T || B || Q || K || N || A || P || M,K || K || K || N || T || L || I || Z || E || M || B || A,10,0.833333,3,0.25,1.0,0.75,0.75,0.25,0.0,0,0,0,
2026-09-15T10:52:08,Christiane,serial_recall,baseline,4,visual,letters,12,3.0,0,M || R || D || D || P || P || X || T || P || E || C || S,S || C || E || P || P || P || V || K || A || I || M || M,7,0.583333,2,0.166667,0.25,0.5,1.0,-0.25,0.5,0,0,0,
2026-09-15T10:53:10,Christiane,serial_recall,baseline,5,visual,letters,12,3.0,0,G || K || L || K || S || Q || Y || I || J || D || Y || O,P || J || Q || C || T || H || N || A || J || D || R || S,4,0.333333,2,0.166667,0.0,0.5,0.5,-0.5,0.0,0,0,0,
2026-09-15T10:55:12,Christiane,serial_recall,finger_tapping,1,visual,letters,12,3.0,0,W || P || J || I || T || G || L || B || I || I || Y || X,W || P || J || I || T || G || L || B || I || I || S || R,10,0.833333,10,0.833333,1.0,1.0,0.5,0.0,-0.5,0,0,174,
2026-09-15T10:56:49,Christiane,serial_recall,finger_tapping,2,visual,letters,12,3.0,0,V || S || F || J || L || K || R || S || O || H || L || R,V || S || K || J || L || K || R || M || H || L || K || S,9,0.75,6,0.5,0.75,0.875,0.625,-0.125,-0.25,0,0,182,
2026-09-15T10:57:55,Christiane,serial_recall,finger_tapping,3,visual,letters,12,3.0,0,E || N || F || E || N || M || X || J || A || H || G || X,E || N || F || E || N || M || X || T || A || G || M || N,9,0.75,8,0.666667,1.0,0.625,0.625,0.375,0.0,0,0,176,
2026-09-15T10:58:53,Christiane,serial_recall,finger_tapping,4,visual,letters,12,3.0,0,A || Q || W || C || Y || U || T || G || C || M || V || C,W || G || A || T || F || M || L || E || R || S || T || C,6,0.5,1,0.083333,0.583333,0.5,0.416667,0.083333,-0.083333,0,0,192,
2026-09-15T11:00:19,Christiane,serial_recall,finger_tapping,5,visual,letters,12,3.0,0,Q || J || R || H || R || F || D || Z || T || L || I || Z,Q || J || R || F || R || O || D || Z || T || L || I || Z,11,0.916667,10,0.833333,0.75,1.0,1.0,-0.25,0.0,0,0,0,
2026-09-15T11:04:04,Christiane,serial_recall,articulatory_suppression,1,visual,letters,12,3.0,0,N || N || B || C || P || R || O || B || K || W || G || X,N || N || C || P || M || L || O || N || T || P || X || X,6,0.5,4,0.333333,0.75,0.5,0.25,0.25,-0.25,0,0,0,
2026-09-15T11:05:05,Christiane,serial_recall,articulatory_suppression,2,visual,letters,12,3.0,0,I || S || F || J || M || H || X || B || C || O || H || M,I || S || F || J || M || H || X || B || C || O || H || M,12,1.0,12,1.0,1.0,1.0,1.0,0.0,0.0,0,0,0,
2026-09-15T11:06:14,Christiane,serial_recall,articulatory_suppression,3,visual,letters,12,3.0,0,W || Q || Q || C || E || C || F || V || U || Y || C || V,W || Q || Q || V || U || M || M || C || H || T || J || L,6,0.5,3,0.25,0.833333,0.208333,0.458333,0.625,0.25,0,0,0,
2026-09-15T11:07:16,Christiane,serial_recall,articulatory_suppression,4,visual,letters,12,3.0,0,Z || M || O || D || A || B || Y || A || Y || N || I || Y,Z || M || O || D || A || B || T || M || Y || N || I || Y,10,0.833333,10,0.833333,1.0,0.666667,0.833333,0.333333,0.166667,0,0,0,
2026-09-15T11:08:41,Christiane,serial_recall,articulatory_suppression,5,visual,letters,12,3.0,0,W || Q || O || E || J || V || I || Y || O || I || X || L,W || Q || O || E || I || V || I || Y || I || A || X || L,10,0.833333,9,0.75,0.875,0.75,0.875,0.125,0.125,0,0,0,
2026-09-15T11:11:34,Christiane,idiom_serial_recall,real_idioms,1,visual,phrases,12,3.0,0,at sidde paa den hoeje hest || at tage tyren ved hornene || at loebe panden mod en mur || at slaa en streg i sandet || at faa blod paa tanden || at staa med haaret i postkassen || at tage det sure med det soede || at faa en fjer i hatten || at tabe ansigt || at have rent mel i posen || at faa kolde foedder || at male fanden paa vaeggen,at faa blod paa tanden || bolden i ansigt || tage sig paa hovedet,1,0.083333,0,0.0,0.0,0.25,0.0,-0.25,-0.25,0,0,0,
2026-09-15T11:15:54,Christiane,idiom_serial_recall,real_idioms,2,visual,phrases,12,3.0,0,at staa med haaret i postkassen || at gaa over gevind || at slaa to fluer med et smaek || at vaere paa boelgelaengde || at loebe panden mod en mur || at faa blod paa tanden || at tabe ansigt || at vende paa en tallerken || at gaa nedenom og hjem || at kaste haandklaedet i ringen || at faa en fjer i hatten || at have is i maven,to fluer med et smaek || at faa blod paa tanden || at tage sig til hovedet || at faa blod paa tanden,1,0.083333,0,0.0,0.0,0.25,0.0,-0.25,-0.25,0,0,0,
2026-09-15T11:19:28,Christiane,idiom_serial_recall,real_idioms,3,visual,phrases,12,3.0,0,at gaa agurk || at faa blod paa tanden || at have rent mel i posen || at skyde papegoejen || at vaere en strid banan || at have oejne i nakken || at tale frit fra leveren || at tage det sure med det soede || at sidde paa den hoeje hest || at traekke det korteste straa || at loebe panden mod en mur || at gaa nedenom og hjem,at faa blod paa tanden || to fluer med et smaek,1,0.083333,0,0.0,0.25,0.0,0.0,0.25,0.0,0,0,0,
2026-09-15T11:20:25,Christiane,idiom_serial_recall,fake_idioms,1,visual,phrases,12,3.0,0,at slaa hul i sin egen paraply || at saette sin hat efter vinden || at slaa knude paa sin egen hale || at saette stoevlerne i den forkerte groeft || at faa vand over stoevlekanten || at faa regn i stoevlerne || at kaste hatten foer festen || at staa med begge ben i samme stoevle || at have en raev i rygsaekken || at have grus i maskineriet || at have vinden under skjorten || at have maanen i baglommen,at spise majs || at have maanen i baglomme,0,0.0,0,0.0,0.0,0.0,0.0,0.0,0.0,0,0,0,
2026-09-15T11:22:58,Christiane,idiom_serial_recall,fake_idioms,2,visual,phrases,12,3.0,0,at traekke stigen op foer man er paa taget || at loebe efter sin egen skygge || at have vinden under skjorten || at faa grus under vingerne || at vende koppen paa hovedet || at traekke taeppet over hovedet || at have sand mellem taenderne || at have en raev i rygsaekken || at have maanen i baglommen || at haenge hatten paa den forkerte knage || at faa regn i stoevlerne || at saette ild til sin egen stige,at saette ild i skuret,0,0.0,0,0.0,0.0,0.0,0.0,0.0,0.0,0,0,0,
2026-09-15T11:23:49,Christiane,idiom_serial_recall,fake_idioms,3,visual,phrases,12,3.0,0,at have grus i maskineriet || at saette stoevlerne i den forkerte groeft || at faa grus under vingerne || at gaa med gaflen i suppen || at slaa hul i sin egen paraply || at staa med naesen i postkassen || at have vinden under skjorten || at slaa knude paa sin egen hale || at faa vand over stoevlekanten || at have maanen i baglommen || at gaa rundt om den samme sten || at have en sten under hatten,at slaa hat om brillerne,0,0.0,0,0.0,0.0,0.0,0.0,0.0,0.0,0,0,0,
