timestamp,participant,experiment,condition,trial,mode,response_format,n_items,serial_position,region,presented_item,response_at_position,free_recalled,serial_correct,substitution,interval_s,delay_s,chunk_label
2026-09-14T13:37:14,Esben,free_recall,baseline,1,visual,letters,16,1,start,M,M,1,1,,3,0,
2026-09-14T13:37:14,Esben,free_recall,baseline,1,visual,letters,16,2,start,P,S,0.333333,0,S,3,0,
2026-09-14T13:37:14,Esben,free_recall,baseline,1,visual,letters,16,3,start,C,C,1,1,,3,0,
2026-09-14T13:37:14,Esben,free_recall,baseline,1,visual,letters,16,4,start,B,O,1,0,O,3,0,
2026-09-14T13:37:14,Esben,free_recall,baseline,1,visual,letters,16,5,start,R,P,1,0,P,3,0,
2026-09-14T13:37:14,Esben,free_recall,baseline,1,visual,letters,16,6,start,O,B,1,0,B,3,0,
2026-09-14T13:37:14,Esben,free_recall,baseline,1,visual,letters,16,7,middle,F,R,0.5,0,R,3,0,
2026-09-14T13:37:14,Esben,free_recall,baseline,1,visual,letters,16,8,middle,E,O,0,0,O,3,0,
2026-09-14T13:37:14,Esben,free_recall,baseline,1,visual,letters,16,9,middle,K,C,0,0,C,3,0,
2026-09-14T13:37:14,Esben,free_recall,baseline,1,visual,letters,16,10,middle,O,B,1,0,B,3,0,
2026-09-14T13:37:14,Esben,free_recall,baseline,1,visual,letters,16,11,middle,S,O,1,0,O,3,0,
2026-09-14T13:37:14,Esben,free_recall,baseline,1,visual,letters,16,12,end,O,U,1,0,U,3,0,
2026-09-14T13:37:14,Esben,free_recall,baseline,1,visual,letters,16,13,end,F,N,0.5,0,N,3,0,
2026-09-14T13:37:14,Esben,free_recall,baseline,1,visual,letters,16,14,end,P,L,0.333333,0,L,3,0,
2026-09-14T13:37:14,Esben,free_recall,baseline,1,visual,letters,16,15,end,C,G,1,0,G,3,0,
2026-09-14T13:37:14,Esben,free_recall,baseline,1,visual,letters,16,16,end,P,F,0.333333,0,F,3,0,
2026-09-14T13:38:36,Esben,free_recall,baseline,2,visual,letters,16,1,start,Q,T,0.666667,0,T,3,0,
2026-09-14T13:38:36,Esben,free_recall,baseline,2,visual,letters,16,2,start,T,Q,1,0,Q,3,0,
2026-09-14T13:38:36,Esben,free_recall,baseline,2,visual,letters,16,3,start,Z,Z,1,1,,3,0,
2026-09-14T13:38:36,Esben,free_recall,baseline,2,visual,letters,16,4,start,C,F,1,0,F,3,0,
2026-09-14T13:38:36,Esben,free_recall,baseline,2,visual,letters,16,5,start,F,U,1,0,U,3,0,
2026-09-14T13:38:36,Esben,free_recall,baseline,2,visual,letters,16,6,start,P,Q,0,0,Q,3,0,
2026-09-14T13:38:36,Esben,free_recall,baseline,2,visual,letters,16,7,middle,Y,C,0,0,C,3,0,
2026-09-14T13:38:36,Esben,free_recall,baseline,2,visual,letters,16,8,middle,Q,U,0.666667,0,U,3,0,
2026-09-14T13:38:36,Esben,free_recall,baseline,2,visual,letters,16,9,middle,T,K,1,0,K,3,0,
2026-09-14T13:38:36,Esben,free_recall,baseline,2,visual,letters,16,10,middle,W,T,1,0,T,3,0,
2026-09-14T13:38:36,Esben,free_recall,baseline,2,visual,letters,16,11,middle,B,W,1,0,W,3,0,
2026-09-14T13:38:36,Esben,free_recall,baseline,2,visual,letters,16,12,end,R,B,1,0,B,3,0,
2026-09-14T13:38:36,Esben,free_recall,baseline,2,visual,letters,16,13,end,Q,R,0.666667,0,R,3,0,
2026-09-14T13:38:36,Esben,free_recall,baseline,2,visual,letters,16,14,end,O,U,1,0,U,3,0,
2026-09-14T13:38:36,Esben,free_recall,baseline,2,visual,letters,16,15,end,G,O,1,0,O,3,0,
2026-09-14T13:38:36,Esben,free_recall,baseline,2,visual,letters,16,16,end,U,G,1,0,G,3,0,
2026-09-14T13:39:56,Esben,free_recall,baseline,3,visual,letters,16,1,start,P,T,1,0,T,3,0,
2026-09-14T13:39:56,Esben,free_recall,baseline,3,visual,letters,16,2,start,B,Y,1,0,Y,3,0,
2026-09-14T13:39:56,Esben,free_recall,baseline,3,visual,letters,16,3,start,X,X,1,1,,3,0,
2026-09-14T13:39:56,Esben,free_recall,baseline,3,visual,letters,16,4,start,X,P,1,0,P,3,0,
2026-09-14T13:39:56,Esben,free_recall,baseline,3,visual,letters,16,5,start,B,B,1,1,,3,0,
2026-09-14T13:39:56,Esben,free_recall,baseline,3,visual,letters,16,6,start,E,X,1,0,X,3,0,
2026-09-14T13:39:56,Esben,free_recall,baseline,3,visual,letters,16,7,middle,S,X,0.666667,0,X,3,0,
2026-09-14T13:39:56,Esben,free_recall,baseline,3,visual,letters,16,8,middle,Q,N,1,0,N,3,0,
2026-09-14T13:39:56,Esben,free_recall,baseline,3,visual,letters,16,9,middle,S,O,0.666667,0,O,3,0,
2026-09-14T13:39:56,Esben,free_recall,baseline,3,visual,letters,16,10,middle,O,Q,1,0,Q,3,0,
2026-09-14T13:39:56,Esben,free_recall,baseline,3,visual,letters,16,11,middle,M,S,1,0,S,3,0,
2026-09-14T13:39:56,Esben,free_recall,baseline,3,visual,letters,16,12,end,S,M,0.666667,0,M,3,0,
2026-09-14T13:39:56,Esben,free_recall,baseline,3,visual,letters,16,13,end,N,S,1,0,S,3,0,
2026-09-14T13:39:56,Esben,free_recall,baseline,3,visual,letters,16,14,end,T,B,1,0,B,3,0,
2026-09-14T13:39:56,Esben,free_recall,baseline,3,visual,letters,16,15,end,Y,E,1,0,E,3,0,
2026-09-14T13:39:56,Esben,free_recall,baseline,3,visual,letters,16,16,end,X,P,1,0,P,3,0,
2026-09-14T13:41:27,Esben,free_recall,baseline,4,visual,letters,16,1,start,V,D,0,0,D,3,0,
2026-09-14T13:41:27,Esben,free_recall,baseline,4,visual,letters,16,2,start,Q,Z,1,0,Z,3,0,
2026-09-14T13:41:27,Esben,free_recall,baseline,4,visual,letters,16,3,start,Y,K,1,0,K,3,0,
2026-09-14T13:41:27,Esben,free_recall,baseline,4,visual,letters,16,4,start,I,D,1,0,D,3,0,
2026-09-14T13:41:27,Esben,free_recall,baseline,4,visual,letters,16,5,start,U,P,1,0,P,3,0,
2026-09-14T13:41:27,Esben,free_recall,baseline,4,visual,letters,16,6,start,P,P,1,1,,3,0,
2026-09-14T13:41:27,Esben,free_recall,baseline,4,visual,letters,16,7,middle,I,Y,1,0,Y,3,0,
2026-09-14T13:41:27,Esben,free_recall,baseline,4,visual,letters,16,8,middle,K,I,1,0,I,3,0,
2026-09-14T13:41:27,Esben,free_recall,baseline,4,visual,letters,16,9,middle,M,U,0,0,U,3,0,
2026-09-14T13:41:27,Esben,free_recall,baseline,4,visual,letters,16,10,middle,T,P,0,0,P,3,0,
2026-09-14T13:41:27,Esben,free_recall,baseline,4,visual,letters,16,11,middle,D,I,1,0,I,3,0,
2026-09-14T13:41:27,Esben,free_recall,baseline,4,visual,letters,16,12,end,Z,K,1,0,K,3,0,
2026-09-14T13:41:27,Esben,free_recall,baseline,4,visual,letters,16,13,end,K,Q,1,0,Q,3,0,
2026-09-14T13:41:27,Esben,free_recall,baseline,4,visual,letters,16,14,end,D,A,1,0,A,3,0,
2026-09-14T13:41:27,Esben,free_recall,baseline,4,visual,letters,16,15,end,P,Z,1,0,Z,3,0,
2026-09-14T13:41:27,Esben,free_recall,baseline,4,visual,letters,16,16,end,P,O,1,0,O,3,0,
2026-09-14T13:42:43,Esben,free_recall,baseline,5,visual,letters,16,1,start,H,W,1,0,W,3,0,
2026-09-14T13:42:43,Esben,free_recall,baseline,5,visual,letters,16,2,start,Z,I,1,0,I,3,0,
2026-09-14T13:42:43,Esben,free_recall,baseline,5,visual,letters,16,3,start,X,D,1,0,D,3,0,
2026-09-14T13:42:43,Esben,free_recall,baseline,5,visual,letters,16,4,start,Q,A,1,0,A,3,0,
2026-09-14T13:42:43,Esben,free_recall,baseline,5,visual,letters,16,5,start,S,G,0.5,0,G,3,0,
2026-09-14T13:42:43,Esben,free_recall,baseline,5,visual,letters,16,6,start,E,R,0,0,R,3,0,
2026-09-14T13:42:43,Esben,free_recall,baseline,5,visual,letters,16,7,middle,S,N,0.5,0,N,3,0,
2026-09-14T13:42:43,Esben,free_recall,baseline,5,visual,letters,16,8,middle,V,W,1,0,W,3,0,
2026-09-14T13:42:43,Esben,free_recall,baseline,5,visual,letters,16,9,middle,W,Q,1,0,Q,3,0,
2026-09-14T13:42:43,Esben,free_recall,baseline,5,visual,letters,16,10,middle,I,S,1,0,S,3,0,
2026-09-14T13:42:43,Esben,free_recall,baseline,5,visual,letters,16,11,middle,D,X,1,0,X,3,0,
2026-09-14T13:42:43,Esben,free_recall,baseline,5,visual,letters,16,12,end,A,H,1,0,H,3,0,
2026-09-14T13:42:43,Esben,free_recall,baseline,5,visual,letters,16,13,end,G,Z,1,0,Z,3,0,
2026-09-14T13:42:43,Esben,free_recall,baseline,5,visual,letters,16,14,end,R,V,1,0,V,3,0,
2026-09-14T13:42:43,Esben,free_recall,baseline,5,visual,letters,16,15,end,N,R,1,0,R,3,0,
2026-09-14T13:42:43,Esben,free_recall,baseline,5,visual,letters,16,16,end,W,D,1,0,D,3,0,
2026-09-14T13:47:13,Esben,free_recall,unfilled_delay,1,visual,letters,16,1,start,W,J,1,0,J,3,60,
2026-09-14T13:47:13,Esben,free_recall,unfilled_delay,1,visual,letters,16,2,start,V,N,1,0,N,3,60,
2026-09-14T13:47:13,Esben,free_recall,unfilled_delay,1,visual,letters,16,3,start,T,N,1,0,N,3,60,
2026-09-14T13:47:13,Esben,free_recall,unfilled_delay,1,visual,letters,16,4,start,Q,Y,1,0,Y,3,60,
2026-09-14T13:47:13,Esben,free_recall,unfilled_delay,1,visual,letters,16,5,start,B,J,0,0,J,3,60,
2026-09-14T13:47:13,Esben,free_recall,unfilled_delay,1,visual,letters,16,6,start,N,W,1,0,W,3,60,
2026-09-14T13:47:13,Esben,free_recall,unfilled_delay,1,visual,letters,16,7,middle,H,V,1,0,V,3,60,
2026-09-14T13:47:13,Esben,free_recall,unfilled_delay,1,visual,letters,16,8,middle,O,T,0.5,0,T,3,60,
2026-09-14T13:47:13,Esben,free_recall,unfilled_delay,1,visual,letters,16,9,middle,U,Q,0.5,0,Q,3,60,
2026-09-14T13:47:13,Esben,free_recall,unfilled_delay,1,visual,letters,16,10,middle,J,N,1,0,N,3,60,
2026-09-14T13:47:13,Esben,free_recall,unfilled_delay,1,visual,letters,16,11,middle,N,H,1,0,H,3,60,
2026-09-14T13:47:13,Esben,free_recall,unfilled_delay,1,visual,letters,16,12,end,N,F,1,0,F,3,60,
2026-09-14T13:47:13,Esben,free_recall,unfilled_delay,1,visual,letters,16,13,end,Y,U,1,0,U,3,60,
2026-09-14T13:47:13,Esben,free_recall,unfilled_delay,1,visual,letters,16,14,end,U,O,0.5,0,O,3,60,
2026-09-14T13:47:13,Esben,free_recall,unfilled_delay,1,visual,letters,16,15,end,J,C,1,0,C,3,60,
2026-09-14T13:47:13,Esben,free_recall,unfilled_delay,1,visual,letters,16,16,end,O,V,0.5,0,V,3,60,
2026-09-14T13:49:29,Esben,free_recall,unfilled_delay,2,visual,letters,16,1,start,K,N,1,0,N,3,60,
2026-09-14T13:49:29,Esben,free_recall,unfilled_delay,2,visual,letters,16,2,start,T,W,1,0,W,3,60,
2026-09-14T13:49:29,Esben,free_recall,unfilled_delay,2,visual,letters,16,3,start,X,U,1,0,U,3,60,
2026-09-14T13:49:29,Esben,free_recall,unfilled_delay,2,visual,letters,16,4,start,J,R,0,0,R,3,60,
2026-09-14T13:49:29,Esben,free_recall,unfilled_delay,2,visual,letters,16,5,start,I,N,1,0,N,3,60,
2026-09-14T13:49:29,Esben,free_recall,unfilled_delay,2,visual,letters,16,6,start,Y,P,0,0,P,3,60,
2026-09-14T13:49:29,Esben,free_recall,unfilled_delay,2,visual,letters,16,7,middle,H,U,1,0,U,3,60,
2026-09-14T13:49:29,Esben,free_recall,unfilled_delay,2,visual,letters,16,8,middle,T,K,1,0,K,3,60,
2026-09-14T13:49:29,Esben,free_recall,unfilled_delay,2,visual,letters,16,9,middle,N,T,1,0,T,3,60,
2026-09-14T13:49:29,Esben,free_recall,unfilled_delay,2,visual,letters,16,10,middle,W,X,0.5,0,X,3,60,
2026-09-14T13:49:29,Esben,free_recall,unfilled_delay,2,visual,letters,16,11,middle,U,G,1,0,G,3,60,
2026-09-14T13:49:29,Esben,free_recall,unfilled_delay,2,visual,letters,16,12,end,N,I,1,0,I,3,60,
2026-09-14T13:49:29,Esben,free_recall,unfilled_delay,2,visual,letters,16,13,end,R,A,1,0,A,3,60,
2026-09-14T13:49:29,Esben,free_recall,unfilled_delay,2,visual,letters,16,14,end,P,T,1,0,T,3,60,
2026-09-14T13:49:29,Esben,free_recall,unfilled_delay,2,visual,letters,16,15,end,V,H,0,0,H,3,60,
2026-09-14T13:49:29,Esben,free_recall,unfilled_delay,2,visual,letters,16,16,end,W,I,0.5,0,I,3,60,
2026-09-14T13:51:37,Esben,free_recall,unfilled_delay,3,visual,letters,16,1,start,I,I,1,1,,3,60,
2026-09-14T13:51:37,Esben,free_recall,unfilled_delay,3,visual,letters,16,2,start,D,D,1,1,,3,60,
2026-09-14T13:51:37,Esben,free_recall,unfilled_delay,3,visual,letters,16,3,start,S,S,1,1,,3,60,
2026-09-14T13:51:37,Esben,free_recall,unfilled_delay,3,visual,letters,16,4,start,I,I,1,1,,3,60,
2026-09-14T13:51:37,Esben,free_recall,unfilled_delay,3,visual,letters,16,5,start,E,E,1,1,,3,60,
2026-09-14T13:51:37,Esben,free_recall,unfilled_delay,3,visual,letters,16,6,start,Q,Q,1,1,,3,60,
2026-09-14T13:51:37,Esben,free_recall,unfilled_delay,3,visual,letters,16,7,middle,D,D,1,1,,3,60,
2026-09-14T13:51:37,Esben,free_recall,unfilled_delay,3,visual,letters,16,8,middle,O,O,1,1,,3,60,
2026-09-14T13:51:37,Esben,free_recall,unfilled_delay,3,visual,letters,16,9,middle,O,O,1,1,,3,60,
2026-09-14T13:51:37,Esben,free_recall,unfilled_delay,3,visual,letters,16,10,middle,X,X,1,1,,3,60,
2026-09-14T13:51:37,Esben,free_recall,unfilled_delay,3,visual,letters,16,11,middle,G,G,1,1,,3,60,
2026-09-14T13:51:37,Esben,free_recall,unfilled_delay,3,visual,letters,16,12,end,J,I,0,0,I,3,60,
2026-09-14T13:51:37,Esben,free_recall,unfilled_delay,3,visual,letters,16,13,end,A,A,1,1,,3,60,
2026-09-14T13:51:37,Esben,free_recall,unfilled_delay,3,visual,letters,16,14,end,G,G,1,1,,3,60,
2026-09-14T13:51:37,Esben,free_recall,unfilled_delay,3,visual,letters,16,15,end,Z,D,0,0,D,3,60,
2026-09-14T13:51:37,Esben,free_recall,unfilled_delay,3,visual,letters,16,16,end,W,L,0,0,L,3,60,
2026-09-14T13:53:41,Esben,free_recall,unfilled_delay,4,visual,letters,16,1,start,T,H,1,0,H,3,60,
2026-09-14T13:53:41,Esben,free_recall,unfilled_delay,4,visual,letters,16,2,start,X,J,1,0,J,3,60,
2026-09-14T13:53:41,Esben,free_recall,unfilled_delay,4,visual,letters,16,3,start,O,Q,1,0,Q,3,60,
2026-09-14T13:53:41,Esben,free_recall,unfilled_delay,4,visual,letters,16,4,start,O,O,1,1,,3,60,
2026-09-14T13:53:41,Esben,free_recall,unfilled_delay,4,visual,letters,16,5,start,N,D,1,0,D,3,60,
2026-09-14T13:53:41,Esben,free_recall,unfilled_delay,4,visual,letters,16,6,start,I,T,0,0,T,3,60,
2026-09-14T13:53:41,Esben,free_recall,unfilled_delay,4,visual,letters,16,7,middle,H,X,1,0,X,3,60,
2026-09-14T13:53:41,Esben,free_recall,unfilled_delay,4,visual,letters,16,8,middle,F,O,0,0,O,3,60,
2026-09-14T13:53:41,Esben,free_recall,unfilled_delay,4,visual,letters,16,9,middle,C,O,0,0,O,3,60,
2026-09-14T13:53:41,Esben,free_recall,unfilled_delay,4,visual,letters,16,10,middle,E,N,0,0,N,3,60,
2026-09-14T13:53:41,Esben,free_recall,unfilled_delay,4,visual,letters,16,11,middle,U,G,0,0,G,3,60,
2026-09-14T13:53:41,Esben,free_recall,unfilled_delay,4,visual,letters,16,12,end,J,H,1,0,H,3,60,
2026-09-14T13:53:41,Esben,free_recall,unfilled_delay,4,visual,letters,16,13,end,Y,J,0,0,J,3,60,
2026-09-14T13:53:41,Esben,free_recall,unfilled_delay,4,visual,letters,16,14,end,Q,W,1,0,W,3,60,
2026-09-14T13:53:41,Esben,free_recall,unfilled_delay,4,visual,letters,16,15,end,O,K,1,0,K,3,60,
2026-09-14T13:53:41,Esben,free_recall,unfilled_delay,4,visual,letters,16,16,end,G,S,1,0,S,3,60,
2026-09-14T13:55:52,Esben,free_recall,unfilled_delay,5,visual,letters,16,1,start,A,A,1,1,,3,60,
2026-09-14T13:55:52,Esben,free_recall,unfilled_delay,5,visual,letters,16,2,start,V,V,1,1,,3,60,
2026-09-14T13:55:52,Esben,free_recall,unfilled_delay,5,visual,letters,16,3,start,J,J,1,1,,3,60,
2026-09-14T13:55:52,Esben,free_recall,unfilled_delay,5,visual,letters,16,4,start,I,E,0,0,E,3,60,
2026-09-14T13:55:52,Esben,free_recall,unfilled_delay,5,visual,letters,16,5,start,R,R,1,1,,3,60,
2026-09-14T13:55:52,Esben,free_recall,unfilled_delay,5,visual,letters,16,6,start,Y,Y,1,1,,3,60,
2026-09-14T13:55:52,Esben,free_recall,unfilled_delay,5,visual,letters,16,7,middle,U,G,0,0,G,3,60,
2026-09-14T13:55:52,Esben,free_recall,unfilled_delay,5,visual,letters,16,8,middle,Q,E,0,0,E,3,60,
2026-09-14T13:55:52,Esben,free_recall,unfilled_delay,5,visual,letters,16,9,middle,S,B,1,0,B,3,60,
2026-09-14T13:55:52,Esben,free_recall,unfilled_delay,5,visual,letters,16,10,middle,J,H,1,0,H,3,60,
2026-09-14T13:55:52,Esben,free_recall,unfilled_delay,5,visual,letters,16,11,middle,N,J,0,0,J,3,60,
2026-09-14T13:55:52,Esben,free_recall,unfilled_delay,5,visual,letters,16,12,end,C,S,0,0,S,3,60,
2026-09-14T13:55:52,Esben,free_recall,unfilled_delay,5,visual,letters,16,13,end,K,K,1,1,,3,60,
2026-09-14T13:55:52,Esben,free_recall,unfilled_delay,5,visual,letters,16,14,end,G,M,1,0,M,3,60,
2026-09-14T13:55:52,Esben,free_recall,unfilled_delay,5,visual,letters,16,15,end,E,O,1,0,O,3,60,
2026-09-14T13:55:52,Esben,free_recall,unfilled_delay,5,visual,letters,16,16,end,B,P,1,0,P,3,60,
2026-09-14T14:48:17,Esben,free_recall,fast_rate,1,visual,letters,16,1,start,E,W,1,0,W,1,0,
2026-09-14T14:48:17,Esben,free_recall,fast_rate,1,visual,letters,16,2,start,H,B,1,0,B,1,0,
2026-09-14T14:48:17,Esben,free_recall,fast_rate,1,visual,letters,16,3,start,L,Z,0,0,Z,1,0,
2026-09-14T14:48:17,Esben,free_recall,fast_rate,1,visual,letters,16,4,start,U,G,1,0,G,1,0,
2026-09-14T14:48:17,Esben,free_recall,fast_rate,1,visual,letters,16,5,start,X,R,0,0,R,1,0,
2026-09-14T14:48:17,Esben,free_recall,fast_rate,1,visual,letters,16,6,start,R,U,1,0,U,1,0,
2026-09-14T14:48:17,Esben,free_recall,fast_rate,1,visual,letters,16,7,middle,D,G,0,0,G,1,0,
2026-09-14T14:48:17,Esben,free_recall,fast_rate,1,visual,letters,16,8,middle,O,H,0,0,H,1,0,
2026-09-14T14:48:17,Esben,free_recall,fast_rate,1,visual,letters,16,9,middle,H,F,1,0,F,1,0,
2026-09-14T14:48:17,Esben,free_recall,fast_rate,1,visual,letters,16,10,middle,V,T,0,0,T,1,0,
2026-09-14T14:48:17,Esben,free_recall,fast_rate,1,visual,letters,16,11,middle,W,R,1,0,R,1,0,
2026-09-14T14:48:17,Esben,free_recall,fast_rate,1,visual,letters,16,12,end,B,J,1,0,J,1,0,
2026-09-14T14:48:17,Esben,free_recall,fast_rate,1,visual,letters,16,13,end,A,K,1,0,K,1,0,
2026-09-14T14:48:17,Esben,free_recall,fast_rate,1,visual,letters,16,14,end,Z,A,1,0,A,1,0,
2026-09-14T14:48:17,Esben,free_recall,fast_rate,1,visual,letters,16,15,end,G,H,1,0,H,1,0,
2026-09-14T14:48:17,Esben,free_recall,fast_rate,1,visual,letters,16,16,end,R,E,1,0,E,1,0,
2026-09-14T14:49:39,Esben,free_recall,fast_rate,2,visual,letters,16,1,start,I,B,1,0,B,1,0,
2026-09-14T14:49:39,Esben,free_recall,fast_rate,2,visual,letters,16,2,start,T,I,0,0,I,1,0,
2026-09-14T14:49:39,Esben,free_recall,fast_rate,2,visual,letters,16,3,start,G,Y,1,0,Y,1,0,
2026-09-14T14:49:39,Esben,free_recall,fast_rate,2,visual,letters,16,4,start,B,W,1,0,W,1,0,
2026-09-14T14:49:39,Esben,free_recall,fast_rate,2,visual,letters,16,5,start,D,K,1,0,K,1,0,
2026-09-14T14:49:39,Esben,free_recall,fast_rate,2,visual,letters,16,6,start,Y,W,1,0,W,1,0,
2026-09-14T14:49:39,Esben,free_recall,fast_rate,2,visual,letters,16,7,middle,E,G,0,0,G,1,0,
2026-09-14T14:49:39,Esben,free_recall,fast_rate,2,visual,letters,16,8,middle,V,Y,0,0,Y,1,0,
2026-09-14T14:49:39,Esben,free_recall,fast_rate,2,visual,letters,16,9,middle,K,D,1,0,D,1,0,
2026-09-14T14:49:39,Esben,free_recall,fast_rate,2,visual,letters,16,10,middle,T,B,0,0,B,1,0,
2026-09-14T14:49:39,Esben,free_recall,fast_rate,2,visual,letters,16,11,middle,W,Y,1,0,Y,1,0,
2026-09-14T14:49:39,Esben,free_recall,fast_rate,2,visual,letters,16,12,end,P,G,0,0,G,1,0,
2026-09-14T14:49:39,Esben,free_recall,fast_rate,2,visual,letters,16,13,end,W,I,1,0,I,1,0,
2026-09-14T14:49:39,Esben,free_recall,fast_rate,2,visual,letters,16,14,end,B,M,1,0,M,1,0,
2026-09-14T14:49:39,Esben,free_recall,fast_rate,2,visual,letters,16,15,end,I,N,1,0,N,1,0,
2026-09-14T14:49:39,Esben,free_recall,fast_rate,2,visual,letters,16,16,end,Y,C,1,0,C,1,0,
2026-09-14T14:50:20,Esben,free_recall,fast_rate,3,visual,letters,16,1,start,D,P,1,0,P,1,0,
2026-09-14T14:50:20,Esben,free_recall,fast_rate,3,visual,letters,16,2,start,U,I,1,0,I,1,0,
2026-09-14T14:50:20,Esben,free_recall,fast_rate,3,visual,letters,16,3,start,D,P,1,0,P,1,0,
2026-09-14T14:50:20,Esben,free_recall,fast_rate,3,visual,letters,16,4,start,V,C,0.5,0,C,1,0,
2026-09-14T14:50:20,Esben,free_recall,fast_rate,3,visual,letters,16,5,start,B,I,0,0,I,1,0,
2026-09-14T14:50:20,Esben,free_recall,fast_rate,3,visual,letters,16,6,start,V,D,0.5,0,D,1,0,
2026-09-14T14:50:20,Esben,free_recall,fast_rate,3,visual,letters,16,7,middle,K,D,1,0,D,1,0,
2026-09-14T14:50:20,Esben,free_recall,fast_rate,3,visual,letters,16,8,middle,F,U,0,0,U,1,0,
2026-09-14T14:50:20,Esben,free_recall,fast_rate,3,visual,letters,16,9,middle,A,D,0,0,D,1,0,
2026-09-14T14:50:20,Esben,free_recall,fast_rate,3,visual,letters,16,10,middle,C,V,0.5,0,V,1,0,
2026-09-14T14:50:20,Esben,free_recall,fast_rate,3,visual,letters,16,11,middle,E,I,1,0,I,1,0,
2026-09-14T14:50:20,Esben,free_recall,fast_rate,3,visual,letters,16,12,end,D,L,1,0,L,1,0,
2026-09-14T14:50:20,Esben,free_recall,fast_rate,3,visual,letters,16,13,end,P,K,1,0,K,1,0,
2026-09-14T14:50:20,Esben,free_recall,fast_rate,3,visual,letters,16,14,end,I,E,1,0,E,1,0,
2026-09-14T14:50:20,Esben,free_recall,fast_rate,3,visual,letters,16,15,end,P,R,1,0,R,1,0,
2026-09-14T14:50:20,Esben,free_recall,fast_rate,3,visual,letters,16,16,end,C,D,0.5,0,D,1,0,
2026-09-14T14:50:54,Esben,free_recall,fast_rate,4,visual,letters,16,1,start,M,M,1,1,,1,0,
2026-09-14T14:50:54,Esben,free_recall,fast_rate,4,visual,letters,16,2,start,X,Z,1,0,Z,1,0,
2026-09-14T14:50:54,Esben,free_recall,fast_rate,4,visual,letters,16,3,start,K,E,1,0,E,1,0,
2026-09-14T14:50:54,Esben,free_recall,fast_rate,4,visual,letters,16,4,start,X,U,1,0,U,1,0,
2026-09-14T14:50:54,Esben,free_recall,fast_rate,4,visual,letters,16,5,start,J,X,0,0,X,1,0,
2026-09-14T14:50:54,Esben,free_recall,fast_rate,4,visual,letters,16,6,start,E,T,0.5,0,T,1,0,
2026-09-14T14:50:54,Esben,free_recall,fast_rate,4,visual,letters,16,7,middle,O,C,0,0,C,1,0,
2026-09-14T14:50:54,Esben,free_recall,fast_rate,4,visual,letters,16,8,middle,M,U,1,0,U,1,0,
2026-09-14T14:50:54,Esben,free_recall,fast_rate,4,visual,letters,16,9,middle,Z,M,1,0,M,1,0,
2026-09-14T14:50:54,Esben,free_recall,fast_rate,4,visual,letters,16,10,middle,U,X,1,0,X,1,0,
2026-09-14T14:50:54,Esben,free_recall,fast_rate,4,visual,letters,16,11,middle,S,X,0,0,X,1,0,
2026-09-14T14:50:54,Esben,free_recall,fast_rate,4,visual,letters,16,12,end,T,K,1,0,K,1,0,
2026-09-14T14:50:54,Esben,free_recall,fast_rate,4,visual,letters,16,13,end,E,L,0.5,0,L,1,0,
2026-09-14T14:50:54,Esben,free_recall,fast_rate,4,visual,letters,16,14,end,Y,R,0,0,R,1,0,
2026-09-14T14:50:54,Esben,free_recall,fast_rate,4,visual,letters,16,15,end,U,U,1,1,,1,0,
2026-09-14T14:50:54,Esben,free_recall,fast_rate,4,visual,letters,16,16,end,C,T,1,0,T,1,0,
2026-09-14T14:51:30,Esben,free_recall,fast_rate,5,visual,letters,16,1,start,D,B,1,0,B,1,0,
2026-09-14T14:51:30,Esben,free_recall,fast_rate,5,visual,letters,16,2,start,H,E,0.5,0,E,1,0,
2026-09-14T14:51:30,Esben,free_recall,fast_rate,5,visual,letters,16,3,start,X,W,0,0,W,1,0,
2026-09-14T14:51:30,Esben,free_recall,fast_rate,5,visual,letters,16,4,start,Y,A,0,0,A,1,0,
2026-09-14T14:51:30,Esben,free_recall,fast_rate,5,visual,letters,16,5,start,D,T,1,0,T,1,0,
2026-09-14T14:51:30,Esben,free_recall,fast_rate,5,visual,letters,16,6,start,T,L,1,0,L,1,0,
2026-09-14T14:51:30,Esben,free_recall,fast_rate,5,visual,letters,16,7,middle,I,D,1,0,D,1,0,
2026-09-14T14:51:30,Esben,free_recall,fast_rate,5,visual,letters,16,8,middle,U,H,1,0,H,1,0,
2026-09-14T14:51:30,Esben,free_recall,fast_rate,5,visual,letters,16,9,middle,B,L,0.5,0,L,1,0,
2026-09-14T14:51:30,Esben,free_recall,fast_rate,5,visual,letters,16,10,middle,H,D,0.5,0,D,1,0,
2026-09-14T14:51:30,Esben,free_recall,fast_rate,5,visual,letters,16,11,middle,W,T,1,0,T,1,0,
2026-09-14T14:51:30,Esben,free_recall,fast_rate,5,visual,letters,16,12,end,A,U,1,0,U,1,0,
2026-09-14T14:51:30,Esben,free_recall,fast_rate,5,visual,letters,16,13,end,T,V,1,0,V,1,0,
2026-09-14T14:51:30,Esben,free_recall,fast_rate,5,visual,letters,16,14,end,L,W,1,0,W,1,0,
2026-09-14T14:51:30,Esben,free_recall,fast_rate,5,visual,letters,16,15,end,B,I,0.5,0,I,1,0,
2026-09-14T14:51:30,Esben,free_recall,fast_rate,5,visual,letters,16,16,end,E,O,1,0,O,1,0,
2026-09-14T14:58:07,Esben,free_recall,working_memory,1,visual,letters,16,1,start,R,M,1,0,M,3,0,
2026-09-14T14:58:07,Esben,free_recall,working_memory,1,visual,letters,16,2,start,C,F,1,0,F,3,0,
2026-09-14T14:58:07,Esben,free_recall,working_memory,1,visual,letters,16,3,start,P,B,0.5,0,B,3,0,
2026-09-14T14:58:07,Esben,free_recall,working_memory,1,visual,letters,16,4,start,K,M,0,0,M,3,0,
2026-09-14T14:58:07,Esben,free_recall,working_memory,1,visual,letters,16,5,start,X,W,0,0,W,3,0,
2026-09-14T14:58:07,Esben,free_recall,working_memory,1,visual,letters,16,6,start,P,T,0.5,0,T,3,0,
2026-09-14T14:58:07,Esben,free_recall,working_memory,1,visual,letters,16,7,middle,M,O,1,0,O,3,0,
2026-09-14T14:58:07,Esben,free_recall,working_memory,1,visual,letters,16,8,middle,F,B,1,0,B,3,0,
2026-09-14T14:58:07,Esben,free_recall,working_memory,1,visual,letters,16,9,middle,B,E,1,0,E,3,0,
2026-09-14T14:58:07,Esben,free_recall,working_memory,1,visual,letters,16,10,middle,M,R,1,0,R,3,0,
2026-09-14T14:58:07,Esben,free_recall,working_memory,1,visual,letters,16,11,middle,W,C,1,0,C,3,0,
2026-09-14T14:58:07,Esben,free_recall,working_memory,1,visual,letters,16,12,end,T,P,1,0,P,3,0,
2026-09-14T14:58:07,Esben,free_recall,working_memory,1,visual,letters,16,13,end,S,D,1,0,D,3,0,
2026-09-14T14:58:07,Esben,free_recall,working_memory,1,visual,letters,16,14,end,B,S,1,0,S,3,0,
2026-09-14T14:58:07,Esben,free_recall,working_memory,1,visual,letters,16,15,end,E,A,1,0,A,3,0,
2026-09-14T14:58:07,Esben,free_recall,working_memory,1,visual,letters,16,16,end,K,V,0,0,V,3,0,
2026-09-14T14:59:58,Esben,free_recall,working_memory,2,visual,letters,16,1,start,H,H,1,1,,3,0,
2026-09-14T14:59:58,Esben,free_recall,working_memory,2,visual,letters,16,2,start,F,A,1,0,A,3,0,
2026-09-14T14:59:58,Esben,free_recall,working_memory,2,visual,letters,16,3,start,O,P,1,0,P,3,0,
2026-09-14T14:59:58,Esben,free_recall,working_memory,2,visual,letters,16,4,start,P,S,1,0,S,3,0,
2026-09-14T14:59:58,Esben,free_recall,working_memory,2,visual,letters,16,5,start,R,T,1,0,T,3,0,
2026-09-14T14:59:58,Esben,free_recall,working_memory,2,visual,letters,16,6,start,H,H,1,1,,3,0,
2026-09-14T14:59:58,Esben,free_recall,working_memory,2,visual,letters,16,7,middle,A,F,1,0,F,3,0,
2026-09-14T14:59:58,Esben,free_recall,working_memory,2,visual,letters,16,8,middle,P,R,1,0,R,3,0,
2026-09-14T14:59:58,Esben,free_recall,working_memory,2,visual,letters,16,9,middle,S,O,1,0,O,3,0,
2026-09-14T14:59:58,Esben,free_recall,working_memory,2,visual,letters,16,10,middle,T,P,1,0,P,3,0,
2026-09-14T14:59:58,Esben,free_recall,working_memory,2,visual,letters,16,11,middle,E,Y,1,0,Y,3,0,
2026-09-14T14:59:58,Esben,free_recall,working_memory,2,visual,letters,16,12,end,G,E,0,0,E,3,0,
2026-09-14T14:59:58,Esben,free_recall,working_memory,2,visual,letters,16,13,end,W,B,0,0,B,3,0,
2026-09-14T14:59:58,Esben,free_recall,working_memory,2,visual,letters,16,14,end,W,E,0,0,E,3,0,
2026-09-14T14:59:58,Esben,free_recall,working_memory,2,visual,letters,16,15,end,Y,A,1,0,A,3,0,
2026-09-14T14:59:58,Esben,free_recall,working_memory,2,visual,letters,16,16,end,E,S,1,0,S,3,0,
2026-09-14T15:01:56,Esben,free_recall,working_memory,3,visual,letters,16,1,start,E,I,1,0,I,3,0,
2026-09-14T15:01:56,Esben,free_recall,working_memory,3,visual,letters,16,2,start,C,C,1,1,,3,0,
2026-09-14T15:01:56,Esben,free_recall,working_memory,3,visual,letters,16,3,start,A,A,1,1,,3,0,
2026-09-14T15:01:56,Esben,free_recall,working_memory,3,visual,letters,16,4,start,H,S,1,0,S,3,0,
2026-09-14T15:01:56,Esben,free_recall,working_memory,3,visual,letters,16,5,start,J,H,1,0,H,3,0,
2026-09-14T15:01:56,Esben,free_recall,working_memory,3,visual,letters,16,6,start,P,H,0,0,H,3,0,
2026-09-14T15:01:56,Esben,free_recall,working_memory,3,visual,letters,16,7,middle,G,K,1,0,K,3,0,
2026-09-14T15:01:56,Esben,free_recall,working_memory,3,visual,letters,16,8,middle,Y,K,0,0,K,3,0,
2026-09-14T15:01:56,Esben,free_recall,working_memory,3,visual,letters,16,9,middle,K,C,1,0,C,3,0,
2026-09-14T15:01:56,Esben,free_recall,working_memory,3,visual,letters,16,10,middle,M,G,0,0,G,3,0,
2026-09-14T15:01:56,Esben,free_recall,working_memory,3,visual,letters,16,11,middle,Z,J,0,0,J,3,0,
2026-09-14T15:01:56,Esben,free_recall,working_memory,3,visual,letters,16,12,end,C,F,1,0,F,3,0,
2026-09-14T15:01:56,Esben,free_recall,working_memory,3,visual,letters,16,13,end,S,K,1,0,K,3,0,
2026-09-14T15:01:56,Esben,free_recall,working_memory,3,visual,letters,16,14,end,T,E,0,0,E,3,0,
2026-09-14T15:01:56,Esben,free_recall,working_memory,3,visual,letters,16,15,end,K,I,1,0,I,3,0,
2026-09-14T15:01:56,Esben,free_recall,working_memory,3,visual,letters,16,16,end,H,O,1,0,O,3,0,
2026-09-14T15:03:46,Esben,free_recall,working_memory,4,visual,letters,16,1,start,O,S,1,0,S,3,0,
2026-09-14T15:03:46,Esben,free_recall,working_memory,4,visual,letters,16,2,start,J,O,1,0,O,3,0,
2026-09-14T15:03:46,Esben,free_recall,working_memory,4,visual,letters,16,3,start,U,J,1,0,J,3,0,
2026-09-14T15:03:46,Esben,free_recall,working_memory,4,visual,letters,16,4,start,F,U,1,0,U,3,0,
2026-09-14T15:03:46,Esben,free_recall,working_memory,4,visual,letters,16,5,start,S,F,1,0,F,3,0,
2026-09-14T15:03:46,Esben,free_recall,working_memory,4,visual,letters,16,6,start,P,E,1,0,E,3,0,
2026-09-14T15:03:46,Esben,free_recall,working_memory,4,visual,letters,16,7,middle,U,T,1,0,T,3,0,
2026-09-14T15:03:46,Esben,free_recall,working_memory,4,visual,letters,16,8,middle,B,K,0,0,K,3,0,
2026-09-14T15:03:46,Esben,free_recall,working_memory,4,visual,letters,16,9,middle,F,P,1,0,P,3,0,
2026-09-14T15:03:46,Esben,free_recall,working_memory,4,visual,letters,16,10,middle,E,U,1,0,U,3,0,
2026-09-14T15:03:46,Esben,free_recall,working_memory,4,visual,letters,16,11,middle,T,F,1,0,F,3,0,
2026-09-14T15:03:46,Esben,free_recall,working_memory,4,visual,letters,16,12,end,K,F,1,0,F,3,0,
2026-09-14T15:03:46,Esben,free_recall,working_memory,4,visual,letters,16,13,end,T,S,1,0,S,3,0,
2026-09-14T15:03:46,Esben,free_recall,working_memory,4,visual,letters,16,14,end,M,T,1,0,T,3,0,
2026-09-14T15:03:46,Esben,free_recall,working_memory,4,visual,letters,16,15,end,G,M,0,0,M,3,0,
2026-09-14T15:03:46,Esben,free_recall,working_memory,4,visual,letters,16,16,end,L,J,0,0,J,3,0,
2026-09-14T15:05:46,Esben,free_recall,working_memory,5,visual,letters,16,1,start,D,S,1,0,S,3,0,
2026-09-14T15:05:46,Esben,free_recall,working_memory,5,visual,letters,16,2,start,S,A,1,0,A,3,0,
2026-09-14T15:05:46,Esben,free_recall,working_memory,5,visual,letters,16,3,start,A,D,1,0,D,3,0,
2026-09-14T15:05:46,Esben,free_recall,working_memory,5,visual,letters,16,4,start,X,L,1,0,L,3,0,
2026-09-14T15:05:46,Esben,free_recall,working_memory,5,visual,letters,16,5,start,G,O,1,0,O,3,0,
2026-09-14T15:05:46,Esben,free_recall,working_memory,5,visual,letters,16,6,start,V,X,1,0,X,3,0,
2026-09-14T15:05:46,Esben,free_recall,working_memory,5,visual,letters,16,7,middle,L,G,1,0,G,3,0,
2026-09-14T15:05:46,Esben,free_recall,working_memory,5,visual,letters,16,8,middle,O,G,1,0,G,3,0,
2026-09-14T15:05:46,Esben,free_recall,working_memory,5,visual,letters,16,9,middle,N,H,1,0,H,3,0,
2026-09-14T15:05:46,Esben,free_recall,working_memory,5,visual,letters,16,10,middle,T,H,1,0,H,3,0,
2026-09-14T15:05:46,Esben,free_recall,working_memory,5,visual,letters,16,11,middle,F,T,0,0,T,3,0,
2026-09-14T15:05:46,Esben,free_recall,working_memory,5,visual,letters,16,12,end,C,V,1,0,V,3,0,
2026-09-14T15:05:46,Esben,free_recall,working_memory,5,visual,letters,16,13,end,Z,N,0,0,N,3,0,
2026-09-14T15:05:46,Esben,free_recall,working_memory,5,visual,letters,16,14,end,N,N,1,1,,3,0,
2026-09-14T15:05:46,Esben,free_recall,working_memory,5,visual,letters,16,15,end,K,C,0,0,C,3,0,
2026-09-14T15:05:46,Esben,free_recall,working_memory,5,visual,letters,16,16,end,G,L,1,0,L,3,0,
2026-09-14T15:08:33,Esben,serial_recall,capacity_n4,1,visual,letters,4,1,start,Z,Z,1,1,,3,0,
2026-09-14T15:08:33,Esben,serial_recall,capacity_n4,1,visual,letters,4,2,start,U,U,1,1,,3,0,
2026-09-14T15:08:33,Esben,serial_recall,capacity_n4,1,visual,letters,4,3,middle,T,T,1,1,,3,0,
2026-09-14T15:08:33,Esben,serial_recall,capacity_n4,1,visual,letters,4,4,end,N,N,1,1,,3,0,
2026-09-14T15:08:51,Esben,serial_recall,capacity_n4,2,visual,letters,4,1,start,S,S,1,1,,3,0,
2026-09-14T15:08:51,Esben,serial_recall,capacity_n4,2,visual,letters,4,2,start,M,M,1,1,,3,0,
2026-09-14T15:08:51,Esben,serial_recall,capacity_n4,2,visual,letters,4,3,middle,K,K,1,1,,3,0,
2026-09-14T15:08:51,Esben,serial_recall,capacity_n4,2,visual,letters,4,4,end,L,L,1,1,,3,0,
2026-09-14T15:09:13,Esben,serial_recall,capacity_n5,3,visual,letters,5,1,start,U,U,1,1,,3,0,
2026-09-14T15:09:13,Esben,serial_recall,capacity_n5,3,visual,letters,5,2,start,S,S,1,1,,3,0,
2026-09-14T15:09:13,Esben,serial_recall,capacity_n5,3,visual,letters,5,3,middle,V,V,1,1,,3,0,
2026-09-14T15:09:13,Esben,serial_recall,capacity_n5,3,visual,letters,5,4,middle,U,U,1,1,,3,0,
2026-09-14T15:09:13,Esben,serial_recall,capacity_n5,3,visual,letters,5,5,end,P,P,1,1,,3,0,
2026-09-14T15:09:38,Esben,serial_recall,capacity_n5,4,visual,letters,5,1,start,X,X,1,1,,3,0,
2026-09-14T15:09:38,Esben,serial_recall,capacity_n5,4,visual,letters,5,2,start,H,H,1,1,,3,0,
2026-09-14T15:09:38,Esben,serial_recall,capacity_n5,4,visual,letters,5,3,middle,T,T,1,1,,3,0,
2026-09-14T15:09:38,Esben,serial_recall,capacity_n5,4,visual,letters,5,4,middle,O,O,1,1,,3,0,
2026-09-14T15:09:38,Esben,serial_recall,capacity_n5,4,visual,letters,5,5,end,Q,Q,1,1,,3,0,
2026-09-14T15:10:03,Esben,serial_recall,capacity_n6,5,visual,letters,6,1,start,S,S,1,1,,3,0,
2026-09-14T15:10:03,Esben,serial_recall,capacity_n6,5,visual,letters,6,2,start,Z,Z,1,1,,3,0,
2026-09-14T15:10:03,Esben,serial_recall,capacity_n6,5,visual,letters,6,3,middle,E,E,1,1,,3,0,
2026-09-14T15:10:03,Esben,serial_recall,capacity_n6,5,visual,letters,6,4,middle,B,B,1,1,,3,0,
2026-09-14T15:10:03,Esben,serial_recall,capacity_n6,5,visual,letters,6,5,end,E,E,1,1,,3,0,
2026-09-14T15:10:03,Esben,serial_recall,capacity_n6,5,visual,letters,6,6,end,B,B,1,1,,3,0,
2026-09-14T15:10:32,Esben,serial_recall,capacity_n6,6,visual,letters,6,1,start,G,G,1,1,,3,0,
2026-09-14T15:10:32,Esben,serial_recall,capacity_n6,6,visual,letters,6,2,start,P,P,1,1,,3,0,
2026-09-14T15:10:32,Esben,serial_recall,capacity_n6,6,visual,letters,6,3,middle,Z,Z,1,1,,3,0,
2026-09-14T15:10:32,Esben,serial_recall,capacity_n6,6,visual,letters,6,4,middle,R,R,1,1,,3,0,
2026-09-14T15:10:32,Esben,serial_recall,capacity_n6,6,visual,letters,6,5,end,U,U,1,1,,3,0,
2026-09-14T15:10:32,Esben,serial_recall,capacity_n6,6,visual,letters,6,6,end,L,L,1,1,,3,0,
2026-09-14T15:11:00,Esben,serial_recall,capacity_n7,7,visual,letters,7,1,start,E,E,1,1,,3,0,
2026-09-14T15:11:00,Esben,serial_recall,capacity_n7,7,visual,letters,7,2,start,V,V,1,1,,3,0,
2026-09-14T15:11:00,Esben,serial_recall,capacity_n7,7,visual,letters,7,3,start,I,I,1,1,,3,0,
2026-09-14T15:11:00,Esben,serial_recall,capacity_n7,7,visual,letters,7,4,middle,T,T,1,1,,3,0,
2026-09-14T15:11:00,Esben,serial_recall,capacity_n7,7,visual,letters,7,5,middle,T,T,1,1,,3,0,
2026-09-14T15:11:00,Esben,serial_recall,capacity_n7,7,visual,letters,7,6,end,J,J,1,1,,3,0,
2026-09-14T15:11:00,Esben,serial_recall,capacity_n7,7,visual,letters,7,7,end,M,M,1,1,,3,0,
2026-09-14T15:11:34,Esben,serial_recall,capacity_n7,8,visual,letters,7,1,start,S,S,1,1,,3,0,
2026-09-14T15:11:34,Esben,serial_recall,capacity_n7,8,visual,letters,7,2,start,Q,Q,1,1,,3,0,
2026-09-14T15:11:34,Esben,serial_recall,capacity_n7,8,visual,letters,7,3,start,L,L,1,1,,3,0,
2026-09-14T15:11:34,Esben,serial_recall,capacity_n7,8,visual,letters,7,4,middle,T,T,1,1,,3,0,
2026-09-14T15:11:34,Esben,serial_recall,capacity_n7,8,visual,letters,7,5,middle,A,A,1,1,,3,0,
2026-09-14T15:11:34,Esben,serial_recall,capacity_n7,8,visual,letters,7,6,end,O,O,1,1,,3,0,
2026-09-14T15:11:34,Esben,serial_recall,capacity_n7,8,visual,letters,7,7,end,V,V,1,1,,3,0,
2026-09-14T15:12:04,Esben,serial_recall,capacity_n8,9,visual,letters,8,1,start,K,K,1,1,,3,0,
2026-09-14T15:12:04,Esben,serial_recall,capacity_n8,9,visual,letters,8,2,start,U,U,1,1,,3,0,
2026-09-14T15:12:04,Esben,serial_recall,capacity_n8,9,visual,letters,8,3,start,M,M,1,1,,3,0,
2026-09-14T15:12:04,Esben,serial_recall,capacity_n8,9,visual,letters,8,4,middle,K,K,1,1,,3,0,
2026-09-14T15:12:04,Esben,serial_recall,capacity_n8,9,visual,letters,8,5,middle,L,L,1,1,,3,0,
2026-09-14T15:12:04,Esben,serial_recall,capacity_n8,9,visual,letters,8,6,middle,O,O,1,1,,3,0,
2026-09-14T15:12:04,Esben,serial_recall,capacity_n8,9,visual,letters,8,7,end,G,G,1,1,,3,0,
2026-09-14T15:12:04,Esben,serial_recall,capacity_n8,9,visual,letters,8,8,end,E,E,1,1,,3,0,
2026-09-14T15:13:02,Esben,serial_recall,capacity_n8,10,visual,letters,8,1,start,H,H,1,1,,3,0,
2026-09-14T15:13:02,Esben,serial_recall,capacity_n8,10,visual,letters,8,2,start,T,T,1,1,,3,0,
2026-09-14T15:13:02,Esben,serial_recall,capacity_n8,10,visual,letters,8,3,start,G,G,1,1,,3,0,
2026-09-14T15:13:02,Esben,serial_recall,capacity_n8,10,visual,letters,8,4,middle,Y,M,1,0,M,3,0,
2026-09-14T15:13:02,Esben,serial_recall,capacity_n8,10,visual,letters,8,5,middle,D,Y,1,0,Y,3,0,
2026-09-14T15:13:02,Esben,serial_recall,capacity_n8,10,visual,letters,8,6,middle,R,D,1,0,D,3,0,
2026-09-14T15:13:02,Esben,serial_recall,capacity_n8,10,visual,letters,8,7,end,M,R,1,0,R,3,0,
2026-09-14T15:13:02,Esben,serial_recall,capacity_n8,10,visual,letters,8,8,end,X,X,1,1,,3,0,
2026-09-14T15:13:50,Esben,serial_recall,capacity_n9,11,visual,letters,9,1,start,C,C,1,1,,3,0,
2026-09-14T15:13:50,Esben,serial_recall,capacity_n9,11,visual,letters,9,2,start,W,W,1,1,,3,0,
2026-09-14T15:13:50,Esben,serial_recall,capacity_n9,11,visual,letters,9,3,start,M,B,1,0,B,3,0,
2026-09-14T15:13:50,Esben,serial_recall,capacity_n9,11,visual,letters,9,4,middle,B,M,1,0,M,3,0,
2026-09-14T15:13:50,Esben,serial_recall,capacity_n9,11,visual,letters,9,5,middle,V,B,0,0,B,3,0,
2026-09-14T15:13:50,Esben,serial_recall,capacity_n9,11,visual,letters,9,6,middle,J,J,1,1,,3,0,
2026-09-14T15:13:50,Esben,serial_recall,capacity_n9,11,visual,letters,9,7,end,W,W,1,1,,3,0,
2026-09-14T15:13:50,Esben,serial_recall,capacity_n9,11,visual,letters,9,8,end,B,B,1,1,,3,0,
2026-09-14T15:13:50,Esben,serial_recall,capacity_n9,11,visual,letters,9,9,end,B,B,1,1,,3,0,
2026-09-14T15:14:28,Esben,serial_recall,capacity_n9,12,visual,letters,9,1,start,V,V,1,1,,3,0,
2026-09-14T15:14:28,Esben,serial_recall,capacity_n9,12,visual,letters,9,2,start,C,C,1,1,,3,0,
2026-09-14T15:14:28,Esben,serial_recall,capacity_n9,12,visual,letters,9,3,start,H,H,1,1,,3,0,
2026-09-14T15:14:28,Esben,serial_recall,capacity_n9,12,visual,letters,9,4,middle,P,P,1,1,,3,0,
2026-09-14T15:14:28,Esben,serial_recall,capacity_n9,12,visual,letters,9,5,middle,D,D,1,1,,3,0,
2026-09-14T15:14:28,Esben,serial_recall,capacity_n9,12,visual,letters,9,6,middle,A,A,1,1,,3,0,
2026-09-14T15:14:28,Esben,serial_recall,capacity_n9,12,visual,letters,9,7,end,K,K,1,1,,3,0,
2026-09-14T15:14:28,Esben,serial_recall,capacity_n9,12,visual,letters,9,8,end,W,W,1,1,,3,0,
2026-09-14T15:14:28,Esben,serial_recall,capacity_n9,12,visual,letters,9,9,end,W,W,1,1,,3,0,
2026-09-14T15:21:35,Esben,serial_recall,baseline,1,visual,letters,12,1,start,W,W,1,1,,3,0,
2026-09-14T15:21:35,Esben,serial_recall,baseline,1,visual,letters,12,2,start,W,W,1,1,,3,0,
2026-09-14T15:21:35,Esben,serial_recall,baseline,1,visual,letters,12,3,start,N,N,1,1,,3,0,
2026-09-14T15:21:35,Esben,serial_recall,baseline,1,visual,letters,12,4,start,X,X,1,1,,3,0,
2026-09-14T15:21:35,Esben,serial_recall,baseline,1,visual,letters,12,5,middle,S,S,1,1,,3,0,
2026-09-14T15:21:35,Esben,serial_recall,baseline,1,visual,letters,12,6,middle,P,P,1,1,,3,0,
2026-09-14T15:21:35,Esben,serial_recall,baseline,1,visual,letters,12,7,middle,U,U,1,1,,3,0,
2026-09-14T15:21:35,Esben,serial_recall,baseline,1,visual,letters,12,8,middle,D,D,1,1,,3,0,
2026-09-14T15:21:35,Esben,serial_recall,baseline,1,visual,letters,12,9,end,F,F,1,1,,3,0,
2026-09-14T15:21:35,Esben,serial_recall,baseline,1,visual,letters,12,10,end,N,N,1,1,,3,0,
2026-09-14T15:21:35,Esben,serial_recall,baseline,1,visual,letters,12,11,end,T,T,1,1,,3,0,
2026-09-14T15:21:35,Esben,serial_recall,baseline,1,visual,letters,12,12,end,Z,Z,1,1,,3,0,
2026-09-14T15:24:15,Esben,serial_recall,baseline,2,visual,letters,12,1,start,Z,Z,1,1,,3,0,
2026-09-14T15:24:15,Esben,serial_recall,baseline,2,visual,letters,12,2,start,X,X,1,1,,3,0,
2026-09-14T15:24:15,Esben,serial_recall,baseline,2,visual,letters,12,3,start,R,R,1,1,,3,0,
2026-09-14T15:24:15,Esben,serial_recall,baseline,2,visual,letters,12,4,start,V,S,0,0,S,3,0,
2026-09-14T15:24:15,Esben,serial_recall,baseline,2,visual,letters,12,5,middle,M,D,1,0,D,3,0,
2026-09-14T15:24:15,Esben,serial_recall,baseline,2,visual,letters,12,6,middle,F,J,0.666667,0,J,3,0,
2026-09-14T15:24:15,Esben,serial_recall,baseline,2,visual,letters,12,7,middle,B,K,0,0,K,3,0,
2026-09-14T15:24:15,Esben,serial_recall,baseline,2,visual,letters,12,8,middle,H,L,0,0,L,3,0,
2026-09-14T15:24:15,Esben,serial_recall,baseline,2,visual,letters,12,9,end,H,M,0,0,M,3,0,
2026-09-14T15:24:15,Esben,serial_recall,baseline,2,visual,letters,12,10,end,F,F,0.666667,1,,3,0,
2026-09-14T15:24:15,Esben,serial_recall,baseline,2,visual,letters,12,11,end,F,F,0.666667,1,,3,0,
2026-09-14T15:24:15,Esben,serial_recall,baseline,2,visual,letters,12,12,end,A,A,1,1,,3,0,
2026-09-14T15:25:04,Esben,serial_recall,baseline,3,visual,letters,12,1,start,S,S,1,1,,3,0,
2026-09-14T15:25:04,Esben,serial_recall,baseline,3,visual,letters,12,2,start,P,P,1,1,,3,0,
2026-09-14T15:25:04,Esben,serial_recall,baseline,3,visual,letters,12,3,start,E,E,1,1,,3,0,
2026-09-14T15:25:04,Esben,serial_recall,baseline,3,visual,letters,12,4,start,I,I,1,1,,3,0,
2026-09-14T15:25:04,Esben,serial_recall,baseline,3,visual,letters,12,5,middle,V,V,1,1,,3,0,
2026-09-14T15:25:04,Esben,serial_recall,baseline,3,visual,letters,12,6,middle,T,T,1,1,,3,0,
2026-09-14T15:25:04,Esben,serial_recall,baseline,3,visual,letters,12,7,middle,G,G,1,1,,3,0,
2026-09-14T15:25:04,Esben,serial_recall,baseline,3,visual,letters,12,8,middle,J,J,1,1,,3,0,
2026-09-14T15:25:04,Esben,serial_recall,baseline,3,visual,letters,12,9,end,W,W,1,1,,3,0,
2026-09-14T15:25:04,Esben,serial_recall,baseline,3,visual,letters,12,10,end,V,V,1,1,,3,0,
2026-09-14T15:25:04,Esben,serial_recall,baseline,3,visual,letters,12,11,end,H,H,1,1,,3,0,
2026-09-14T15:25:04,Esben,serial_recall,baseline,3,visual,letters,12,12,end,W,W,1,1,,3,0,
2026-09-14T15:26:05,Esben,serial_recall,baseline,4,visual,letters,12,1,start,A,A,1,1,,3,0,
2026-09-14T15:26:05,Esben,serial_recall,baseline,4,visual,letters,12,2,start,S,S,1,1,,3,0,
2026-09-14T15:26:05,Esben,serial_recall,baseline,4,visual,letters,12,3,start,E,E,1,1,,3,0,
2026-09-14T15:26:05,Esben,serial_recall,baseline,4,visual,letters,12,4,start,E,E,1,1,,3,0,
2026-09-14T15:26:05,Esben,serial_recall,baseline,4,visual,letters,12,5,middle,H,H,1,1,,3,0,
2026-09-14T15:26:05,Esben,serial_recall,baseline,4,visual,letters,12,6,middle,K,K,1,1,,3,0,
2026-09-14T15:26:05,Esben,serial_recall,baseline,4,visual,letters,12,7,middle,Y,I,0,0,I,3,0,
2026-09-14T15:26:05,Esben,serial_recall,baseline,4,visual,letters,12,8,middle,B,B,1,1,,3,0,
2026-09-14T15:26:05,Esben,serial_recall,baseline,4,visual,letters,12,9,end,T,T,1,1,,3,0,
2026-09-14T15:26:05,Esben,serial_recall,baseline,4,visual,letters,12,10,end,J,J,1,1,,3,0,
2026-09-14T15:26:05,Esben,serial_recall,baseline,4,visual,letters,12,11,end,W,W,1,1,,3,0,
2026-09-14T15:26:05,Esben,serial_recall,baseline,4,visual,letters,12,12,end,K,K,1,1,,3,0,
2026-09-14T15:27:08,Esben,serial_recall,baseline,5,visual,letters,12,1,start,F,V,1,0,V,3,0,
2026-09-14T15:27:08,Esben,serial_recall,baseline,5,visual,letters,12,2,start,V,C,1,0,C,3,0,
2026-09-14T15:27:08,Esben,serial_recall,baseline,5,visual,letters,12,3,start,C,F,1,0,F,3,0,
2026-09-14T15:27:08,Esben,serial_recall,baseline,5,visual,letters,12,4,start,S,H,1,0,H,3,0,
2026-09-14T15:27:08,Esben,serial_recall,baseline,5,visual,letters,12,5,middle,H,S,1,0,S,3,0,
2026-09-14T15:27:08,Esben,serial_recall,baseline,5,visual,letters,12,6,middle,J,J,1,1,,3,0,
2026-09-14T15:27:08,Esben,serial_recall,baseline,5,visual,letters,12,7,middle,U,B,0.5,0,B,3,0,
2026-09-14T15:27:08,Esben,serial_recall,baseline,5,visual,letters,12,8,middle,O,O,1,1,,3,0,
2026-09-14T15:27:08,Esben,serial_recall,baseline,5,visual,letters,12,9,end,U,U,0.5,1,,3,0,
2026-09-14T15:27:08,Esben,serial_recall,baseline,5,visual,letters,12,10,end,B,F,1,0,F,3,0,
2026-09-14T15:27:08,Esben,serial_recall,baseline,5,visual,letters,12,11,end,Z,Z,1,1,,3,0,
2026-09-14T15:27:08,Esben,serial_recall,baseline,5,visual,letters,12,12,end,K,K,1,1,,3,0,
2026-09-14T15:39:54,Esben,serial_recall,finger_tapping,1,visual,letters,12,1,start,L,L,1,1,,3,0,
2026-09-14T15:39:54,Esben,serial_recall,finger_tapping,1,visual,letters,12,2,start,R,R,1,1,,3,0,
2026-09-14T15:39:54,Esben,serial_recall,finger_tapping,1,visual,letters,12,3,start,R,R,1,1,,3,0,
2026-09-14T15:39:54,Esben,serial_recall,finger_tapping,1,visual,letters,12,4,start,Y,Y,1,1,,3,0,
2026-09-14T15:39:54,Esben,serial_recall,finger_tapping,1,visual,letters,12,5,middle,T,T,1,1,,3,0,
2026-09-14T15:39:54,Esben,serial_recall,finger_tapping,1,visual,letters,12,6,middle,J,F,0,0,F,3,0,
2026-09-14T15:39:54,Esben,serial_recall,finger_tapping,1,visual,letters,12,7,middle,H,G,0,0,G,3,0,
2026-09-14T15:39:54,Esben,serial_recall,finger_tapping,1,visual,letters,12,8,middle,G,S,1,0,S,3,0,
2026-09-14T15:39:54,Esben,serial_recall,finger_tapping,1,visual,letters,12,9,end,S,V,1,0,V,3,0,
2026-09-14T15:39:54,Esben,serial_recall,finger_tapping,1,visual,letters,12,10,end,V,F,1,0,F,3,0,
2026-09-14T15:39:54,Esben,serial_recall,finger_tapping,1,visual,letters,12,11,end,F,V,1,0,V,3,0,
2026-09-14T15:39:54,Esben,serial_recall,finger_tapping,1,visual,letters,12,12,end,V,,1,0,,3,0,
2026-09-14T15:40:46,Esben,serial_recall,finger_tapping,2,visual,letters,12,1,start,H,H,1,1,,3,0,
2026-09-14T15:40:46,Esben,serial_recall,finger_tapping,2,visual,letters,12,2,start,T,T,1,1,,3,0,
2026-09-14T15:40:46,Esben,serial_recall,finger_tapping,2,visual,letters,12,3,start,R,R,1,1,,3,0,
2026-09-14T15:40:46,Esben,serial_recall,finger_tapping,2,visual,letters,12,4,start,I,I,1,1,,3,0,
2026-09-14T15:40:46,Esben,serial_recall,finger_tapping,2,visual,letters,12,5,middle,N,N,1,1,,3,0,
2026-09-14T15:40:46,Esben,serial_recall,finger_tapping,2,visual,letters,12,6,middle,C,K,0,0,K,3,0,
2026-09-14T15:40:46,Esben,serial_recall,finger_tapping,2,visual,letters,12,7,middle,L,L,1,1,,3,0,
2026-09-14T15:40:46,Esben,serial_recall,finger_tapping,2,visual,letters,12,8,middle,P,P,1,1,,3,0,
2026-09-14T15:40:46,Esben,serial_recall,finger_tapping,2,visual,letters,12,9,end,V,V,1,1,,3,0,
2026-09-14T15:40:46,Esben,serial_recall,finger_tapping,2,visual,letters,12,10,end,X,X,1,1,,3,0,
2026-09-14T15:40:46,Esben,serial_recall,finger_tapping,2,visual,letters,12,11,end,J,J,1,1,,3,0,
2026-09-14T15:40:46,Esben,serial_recall,finger_tapping,2,visual,letters,12,12,end,F,F,1,1,,3,0,
2026-09-14T15:41:38,Esben,serial_recall,finger_tapping,3,visual,letters,12,1,start,V,V,1,1,,3,0,
2026-09-14T15:41:38,Esben,serial_recall,finger_tapping,3,visual,letters,12,2,start,D,D,1,1,,3,0,
2026-09-14T15:41:38,Esben,serial_recall,finger_tapping,3,visual,letters,12,3,start,B,B,1,1,,3,0,
2026-09-14T15:41:38,Esben,serial_recall,finger_tapping,3,visual,letters,12,4,start,M,M,1,1,,3,0,
2026-09-14T15:41:38,Esben,serial_recall,finger_tapping,3,visual,letters,12,5,middle,R,R,1,1,,3,0,
2026-09-14T15:41:38,Esben,serial_recall,finger_tapping,3,visual,letters,12,6,middle,Z,Z,1,1,,3,0,
2026-09-14T15:41:38,Esben,serial_recall,finger_tapping,3,visual,letters,12,7,middle,I,I,1,1,,3,0,
2026-09-14T15:41:38,Esben,serial_recall,finger_tapping,3,visual,letters,12,8,middle,I,I,1,1,,3,0,
2026-09-14T15:41:38,Esben,serial_recall,finger_tapping,3,visual,letters,12,9,end,P,P,1,1,,3,0,
2026-09-14T15:41:38,Esben,serial_recall,finger_tapping,3,visual,letters,12,10,end,F,F,1,1,,3,0,
2026-09-14T15:41:38,Esben,serial_recall,finger_tapping,3,visual,letters,12,11,end,L,L,1,1,,3,0,
2026-09-14T15:41:38,Esben,serial_recall,finger_tapping,3,visual,letters,12,12,end,D,D,1,1,,3,0,
2026-09-14T15:42:34,Esben,serial_recall,finger_tapping,4,visual,letters,12,1,start,S,S,1,1,,3,0,
2026-09-14T15:42:34,Esben,serial_recall,finger_tapping,4,visual,letters,12,2,start,D,D,1,1,,3,0,
2026-09-14T15:42:34,Esben,serial_recall,finger_tapping,4,visual,letters,12,3,start,E,E,1,1,,3,0,
2026-09-14T15:42:34,Esben,serial_recall,finger_tapping,4,visual,letters,12,4,start,G,G,1,1,,3,0,
2026-09-14T15:42:34,Esben,serial_recall,finger_tapping,4,visual,letters,12,5,middle,D,D,1,1,,3,0,
2026-09-14T15:42:34,Esben,serial_recall,finger_tapping,4,visual,letters,12,6,middle,I,I,1,1,,3,0,
2026-09-14T15:42:34,Esben,serial_recall,finger_tapping,4,visual,letters,12,7,middle,A,A,1,1,,3,0,
2026-09-14T15:42:34,Esben,serial_recall,finger_tapping,4,visual,letters,12,8,middle,L,L,1,1,,3,0,
2026-09-14T15:42:34,Esben,serial_recall,finger_tapping,4,visual,letters,12,9,end,H,H,1,1,,3,0,
2026-09-14T15:42:34,Esben,serial_recall,finger_tapping,4,visual,letters,12,10,end,D,D,1,1,,3,0,
2026-09-14T15:42:34,Esben,serial_recall,finger_tapping,4,visual,letters,12,11,end,M,M,1,1,,3,0,
2026-09-14T15:42:34,Esben,serial_recall,finger_tapping,4,visual,letters,12,12,end,M,M,1,1,,3,0,
2026-09-14T15:43:26,Esben,serial_recall,finger_tapping,5,visual,letters,12,1,start,N,N,1,1,,3,0,
2026-09-14T15:43:26,Esben,serial_recall,finger_tapping,5,visual,letters,12,2,start,R,R,1,1,,3,0,
2026-09-14T15:43:26,Esben,serial_recall,finger_tapping,5,visual,letters,12,3,start,N,N,1,1,,3,0,
2026-09-14T15:43:26,Esben,serial_recall,finger_tapping,5,visual,letters,12,4,start,E,E,1,1,,3,0,
2026-09-14T15:43:26,Esben,serial_recall,finger_tapping,5,visual,letters,12,5,middle,Y,Y,1,1,,3,0,
2026-09-14T15:43:26,Esben,serial_recall,finger_tapping,5,visual,letters,12,6,middle,O,O,1,1,,3,0,
2026-09-14T15:43:26,Esben,serial_recall,finger_tapping,5,visual,letters,12,7,middle,O,O,1,1,,3,0,
2026-09-14T15:43:26,Esben,serial_recall,finger_tapping,5,visual,letters,12,8,middle,Z,Z,1,1,,3,0,
2026-09-14T15:43:26,Esben,serial_recall,finger_tapping,5,visual,letters,12,9,end,T,T,1,1,,3,0,
2026-09-14T15:43:26,Esben,serial_recall,finger_tapping,5,visual,letters,12,10,end,N,N,1,1,,3,0,
2026-09-14T15:43:26,Esben,serial_recall,finger_tapping,5,visual,letters,12,11,end,Y,Y,1,1,,3,0,
2026-09-14T15:43:26,Esben,serial_recall,finger_tapping,5,visual,letters,12,12,end,H,H,1,1,,3,0,
2026-09-14T16:02:36,Esben,serial_recall,articulatory_suppression,1,visual,letters,12,1,start,O,O,1,1,,3,0,
2026-09-14T16:02:36,Esben,serial_recall,articulatory_suppression,1,visual,letters,12,2,start,X,X,1,1,,3,0,
2026-09-14T16:02:36,Esben,serial_recall,articulatory_suppression,1,visual,letters,12,3,start,I,I,1,1,,3,0,
2026-09-14T16:02:36,Esben,serial_recall,articulatory_suppression,1,visual,letters,12,4,start,M,M,1,1,,3,0,
2026-09-14T16:02:36,Esben,serial_recall,articulatory_suppression,1,visual,letters,12,5,middle,A,A,1,1,,3,0,
2026-09-14T16:02:36,Esben,serial_recall,articulatory_suppression,1,visual,letters,12,6,middle,Z,X,0.5,0,X,3,0,
2026-09-14T16:02:36,Esben,serial_recall,articulatory_suppression,1,visual,letters,12,7,middle,L,D,0,0,D,3,0,
2026-09-14T16:02:36,Esben,serial_recall,articulatory_suppression,1,visual,letters,12,8,middle,Q,J,0,0,J,3,0,
2026-09-14T16:02:36,Esben,serial_recall,articulatory_suppression,1,visual,letters,12,9,end,K,K,1,1,,3,0,
2026-09-14T16:02:36,Esben,serial_recall,articulatory_suppression,1,visual,letters,12,10,end,Z,Z,0.5,1,,3,0,
2026-09-14T16:02:36,Esben,serial_recall,articulatory_suppression,1,visual,letters,12,11,end,K,K,1,1,,3,0,
2026-09-14T16:02:36,Esben,serial_recall,articulatory_suppression,1,visual,letters,12,12,end,W,N,0,0,N,3,0,
2026-09-14T16:04:02,Esben,serial_recall,articulatory_suppression,2,visual,letters,12,1,start,L,L,1,1,,3,0,
2026-09-14T16:04:02,Esben,serial_recall,articulatory_suppression,2,visual,letters,12,2,start,V,V,1,1,,3,0,
2026-09-14T16:04:02,Esben,serial_recall,articulatory_suppression,2,visual,letters,12,3,start,O,O,1,1,,3,0,
2026-09-14T16:04:02,Esben,serial_recall,articulatory_suppression,2,visual,letters,12,4,start,W,W,0.5,1,,3,0,
2026-09-14T16:04:02,Esben,serial_recall,articulatory_suppression,2,visual,letters,12,5,middle,B,B,1,1,,3,0,
2026-09-14T16:04:02,Esben,serial_recall,articulatory_suppression,2,visual,letters,12,6,middle,X,X,1,1,,3,0,
2026-09-14T16:04:02,Esben,serial_recall,articulatory_suppression,2,visual,letters,12,7,middle,J,J,1,1,,3,0,
2026-09-14T16:04:02,Esben,serial_recall,articulatory_suppression,2,visual,letters,12,8,middle,C,S,0,0,S,3,0,
2026-09-14T16:04:02,Esben,serial_recall,articulatory_suppression,2,visual,letters,12,9,end,D,G,0,0,G,3,0,
2026-09-14T16:04:02,Esben,serial_recall,articulatory_suppression,2,visual,letters,12,10,end,W,H,0.5,0,H,3,0,
2026-09-14T16:04:02,Esben,serial_recall,articulatory_suppression,2,visual,letters,12,11,end,H,H,1,1,,3,0,
2026-09-14T16:04:02,Esben,serial_recall,articulatory_suppression,2,visual,letters,12,12,end,L,L,1,1,,3,0,
2026-09-14T16:05:23,Esben,serial_recall,articulatory_suppression,3,visual,letters,12,1,start,B,B,1,1,,3,0,
2026-09-14T16:05:23,Esben,serial_recall,articulatory_suppression,3,visual,letters,12,2,start,J,J,1,1,,3,0,
2026-09-14T16:05:23,Esben,serial_recall,articulatory_suppression,3,visual,letters,12,3,start,K,K,1,1,,3,0,
2026-09-14T16:05:23,Esben,serial_recall,articulatory_suppression,3,visual,letters,12,4,start,S,S,0.5,1,,3,0,
2026-09-14T16:05:23,Esben,serial_recall,articulatory_suppression,3,visual,letters,12,5,middle,I,I,0.666667,1,,3,0,
2026-09-14T16:05:23,Esben,serial_recall,articulatory_suppression,3,visual,letters,12,6,middle,I,I,0.666667,1,,3,0,
2026-09-14T16:05:23,Esben,serial_recall,articulatory_suppression,3,visual,letters,12,7,middle,T,T,1,1,,3,0,
2026-09-14T16:05:23,Esben,serial_recall,articulatory_suppression,3,visual,letters,12,8,middle,H,J,0,0,J,3,0,
2026-09-14T16:05:23,Esben,serial_recall,articulatory_suppression,3,visual,letters,12,9,end,S,R,0.5,0,R,3,0,
2026-09-14T16:05:23,Esben,serial_recall,articulatory_suppression,3,visual,letters,12,10,end,P,K,0,0,K,3,0,
2026-09-14T16:05:23,Esben,serial_recall,articulatory_suppression,3,visual,letters,12,11,end,I,A,0.666667,0,A,3,0,
2026-09-14T16:05:23,Esben,serial_recall,articulatory_suppression,3,visual,letters,12,12,end,J,J,1,1,,3,0,
2026-09-14T16:06:21,Esben,serial_recall,articulatory_suppression,4,visual,letters,12,1,start,H,H,1,1,,3,0,
2026-09-14T16:06:21,Esben,serial_recall,articulatory_suppression,4,visual,letters,12,2,start,H,H,1,1,,3,0,
2026-09-14T16:06:21,Esben,serial_recall,articulatory_suppression,4,visual,letters,12,3,start,M,M,1,1,,3,0,
2026-09-14T16:06:21,Esben,serial_recall,articulatory_suppression,4,visual,letters,12,4,start,D,J,1,0,J,3,0,
2026-09-14T16:06:21,Esben,serial_recall,articulatory_suppression,4,visual,letters,12,5,middle,Z,G,0,0,G,3,0,
2026-09-14T16:06:21,Esben,serial_recall,articulatory_suppression,4,visual,letters,12,6,middle,G,D,1,0,D,3,0,
2026-09-14T16:06:21,Esben,serial_recall,articulatory_suppression,4,visual,letters,12,7,middle,T,F,0.5,0,F,3,0,
2026-09-14T16:06:21,Esben,serial_recall,articulatory_suppression,4,visual,letters,12,8,middle,A,K,0,0,K,3,0,
2026-09-14T16:06:21,Esben,serial_recall,articulatory_suppression,4,visual,letters,12,9,end,T,T,0.5,1,,3,0,
2026-09-14T16:06:21,Esben,serial_recall,articulatory_suppression,4,visual,letters,12,10,end,R,R,1,1,,3,0,
2026-09-14T16:06:21,Esben,serial_recall,articulatory_suppression,4,visual,letters,12,11,end,V,G,0,0,G,3,0,
2026-09-14T16:06:21,Esben,serial_recall,articulatory_suppression,4,visual,letters,12,12,end,H,H,1,1,,3,0,
2026-09-14T16:07:25,Esben,serial_recall,articulatory_suppression,5,visual,letters,12,1,start,L,N,0,0,N,3,0,
2026-09-14T16:07:25,Esben,serial_recall,articulatory_suppression,5,visual,letters,12,2,start,Y,Y,1,1,,3,0,
2026-09-14T16:07:25,Esben,serial_recall,articulatory_suppression,5,visual,letters,12,3,start,R,R,1,1,,3,0,
2026-09-14T16:07:25,Esben,serial_recall,articulatory_suppression,5,visual,letters,12,4,start,G,G,0.5,1,,3,0,
2026-09-14T16:07:25,Esben,serial_recall,articulatory_suppression,5,visual,letters,12,5,middle,H,H,0.666667,1,,3,0,
2026-09-14T16:07:25,Esben,serial_recall,articulatory_suppression,5,visual,letters,12,6,middle,H,H,0.666667,1,,3,0,
2026-09-14T16:07:25,Esben,serial_recall,articulatory_suppression,5,visual,letters,12,7,middle,N,S,1,0,S,3,0,
2026-09-14T16:07:25,Esben,serial_recall,articulatory_suppression,5,visual,letters,12,8,middle,O,D,0,0,D,3,0,
2026-09-14T16:07:25,Esben,serial_recall,articulatory_suppression,5,visual,letters,12,9,end,Q,J,0,0,J,3,0,
2026-09-14T16:07:25,Esben,serial_recall,articulatory_suppression,5,visual,letters,12,10,end,H,V,0.666667,0,V,3,0,
2026-09-14T16:07:25,Esben,serial_recall,articulatory_suppression,5,visual,letters,12,11,end,G,B,0.5,0,B,3,0,
2026-09-14T16:07:25,Esben,serial_recall,articulatory_suppression,5,visual,letters,12,12,end,W,N,0,0,N,3,0,
2026-09-14T16:12:27,Esben,idiom_serial_recall,real_idioms,1,visual,phrases,12,1,start,at tale frit fra leveren,at spise for egen lever,0,0,at spise for egen lever,3,0,
2026-09-14T16:12:27,Esben,idiom_serial_recall,real_idioms,1,visual,phrases,12,2,start,at gaa ned med flaget,at,0,0,at,3,0,
2026-09-14T16:12:27,Esben,idiom_serial_recall,real_idioms,1,visual,phrases,12,3,start,at male fanden paa vaeggen,at,0,0,at,3,0,
2026-09-14T16:12:27,Esben,idiom_serial_recall,real_idioms,1,visual,phrases,12,4,start,at gaa agurk,at gaa agurk,1,1,,3,0,
2026-09-14T16:12:27,Esben,idiom_serial_recall,real_idioms,1,visual,phrases,12,5,middle,at faa en fjer i hatten,at,0,0,at,3,0,
2026-09-14T16:12:27,Esben,idiom_serial_recall,real_idioms,1,visual,phrases,12,6,middle,at slaa to fluer med et smaek,at,0,0,at,3,0,
2026-09-14T16:12:27,Esben,idiom_serial_recall,real_idioms,1,visual,phrases,12,7,middle,at komme op i det roede felt,at,0,0,at,3,0,
2026-09-14T16:12:27,Esben,idiom_serial_recall,real_idioms,1,visual,phrases,12,8,middle,at kaste haandklaedet i ringen,at have mange bolde i luften,0,0,at have mange bolde i luften,3,0,
2026-09-14T16:12:27,Esben,idiom_serial_recall,real_idioms,1,visual,phrases,12,9,end,at have mange bolde i luften,at saelge skinnet foer bjoernen er skudt,1,0,at saelge skinnet foer bjoernen er skudt,3,0,
2026-09-14T16:12:27,Esben,idiom_serial_recall,real_idioms,1,visual,phrases,12,10,end,at komme i fedtefadet,at komme i fedtefadet,1,1,,3,0,
2026-09-14T16:12:27,Esben,idiom_serial_recall,real_idioms,1,visual,phrases,12,11,end,at gaa nedenom og hjem,at,0,0,at,3,0,
2026-09-14T16:12:27,Esben,idiom_serial_recall,real_idioms,1,visual,phrases,12,12,end,at feje for egen doer,at feje for egen doer,1,1,,3,0,
2026-09-14T16:15:04,Esben,idiom_serial_recall,real_idioms,2,visual,phrases,12,1,start,at have is i maven,at have is i maven,1,1,,3,0,
2026-09-14T16:15:04,Esben,idiom_serial_recall,real_idioms,2,visual,phrases,12,2,start,at sidde paa den hoeje hest,at slaa to fluger med et smaek,0,0,at slaa to fluger med et smaek,3,0,
2026-09-14T16:15:04,Esben,idiom_serial_recall,real_idioms,2,visual,phrases,12,3,start,at vende paa en tallerken,at,0,0,at,3,0,
2026-09-14T16:15:04,Esben,idiom_serial_recall,real_idioms,2,visual,phrases,12,4,start,at gaa ned med flaget,at,0,0,at,3,0,
2026-09-14T16:15:04,Esben,idiom_serial_recall,real_idioms,2,visual,phrases,12,5,middle,at tage tyren ved hornene,at,0,0,at,3,0,
2026-09-14T16:15:04,Esben,idiom_serial_recall,real_idioms,2,visual,phrases,12,6,middle,at male fanden paa vaeggen,at,0,0,at,3,0,
2026-09-14T16:15:04,Esben,idiom_serial_recall,real_idioms,2,visual,phrases,12,7,middle,at kaste haandklaedet i ringen,at se fanden i oejnene,0,0,at se fanden i oejnene,3,0,
2026-09-14T16:15:04,Esben,idiom_serial_recall,real_idioms,2,visual,phrases,12,8,middle,at holde tungen lige i munden,at have mange bolde i luften,0,0,at have mange bolde i luften,3,0,
2026-09-14T16:15:04,Esben,idiom_serial_recall,real_idioms,2,visual,phrases,12,9,end,at have mange bolde i luften,at,1,0,at,3,0,
2026-09-14T16:15:04,Esben,idiom_serial_recall,real_idioms,2,visual,phrases,12,10,end,at loebe panden mod en mur,at,0,0,at,3,0,
2026-09-14T16:15:04,Esben,idiom_serial_recall,real_idioms,2,visual,phrases,12,11,end,at slaa to fluer med et smaek,at have tungen lige i munden,0,0,at have tungen lige i munden,3,0,
2026-09-14T16:15:04,Esben,idiom_serial_recall,real_idioms,2,visual,phrases,12,12,end,at bide i det sure aeble,at bide i det sure aeble,1,1,,3,0,
2026-09-14T16:16:45,Esben,idiom_serial_recall,real_idioms,3,visual,phrases,12,1,start,at gaa over gevind,at,0,0,at,3,0,
2026-09-14T16:16:45,Esben,idiom_serial_recall,real_idioms,3,visual,phrases,12,2,start,at feje for egen doer,at feje for egen doer,1,1,,3,0,
2026-09-14T16:16:45,Esben,idiom_serial_recall,real_idioms,3,visual,phrases,12,3,start,at holde tungen lige i munden,at have tungen lige i munden,0,0,at have tungen lige i munden,3,0,
2026-09-14T16:16:45,Esben,idiom_serial_recall,real_idioms,3,visual,phrases,12,4,start,at kaste haandklaedet i ringen,at,0,0,at,3,0,
2026-09-14T16:16:45,Esben,idiom_serial_recall,real_idioms,3,visual,phrases,12,5,middle,at give den gas,at,0,0,at,3,0,
2026-09-14T16:16:45,Esben,idiom_serial_recall,real_idioms,3,visual,phrases,12,6,middle,at slaa en streg i sandet,at,0,0,at,3,0,
2026-09-14T16:16:45,Esben,idiom_serial_recall,real_idioms,3,visual,phrases,12,7,middle,at tage tyren ved hornene,at,0,0,at,3,0,
2026-09-14T16:16:45,Esben,idiom_serial_recall,real_idioms,3,visual,phrases,12,8,middle,at have en finger med i spillet,at,0,0,at,3,0,
2026-09-14T16:16:45,Esben,idiom_serial_recall,real_idioms,3,visual,phrases,12,9,end,at faa blod paa tanden,at,0,0,at,3,0,
2026-09-14T16:16:45,Esben,idiom_serial_recall,real_idioms,3,visual,phrases,12,10,end,at tage det sure med det soede,at,0,0,at,3,0,
2026-09-14T16:16:45,Esben,idiom_serial_recall,real_idioms,3,visual,phrases,12,11,end,at komme op i det roede felt,at,0,0,at,3,0,
2026-09-14T16:16:45,Esben,idiom_serial_recall,real_idioms,3,visual,phrases,12,12,end,at gaa ned med flaget,at gaa ned med flaget,1,1,,3,0,
2026-09-14T16:18:49,Esben,idiom_serial_recall,fake_idioms,1,visual,phrases,12,1,start,at saette stoevlerne i den forkerte groeft,at,0,0,at,3,0,
2026-09-14T16:18:49,Esben,idiom_serial_recall,fake_idioms,1,visual,phrases,12,2,start,at traekke stigen op foer man er paa taget,at,0,0,at,3,0,
2026-09-14T16:18:49,Esben,idiom_serial_recall,fake_idioms,1,visual,phrases,12,3,start,at have vinden under skjorten,at,0,0,at,3,0,
2026-09-14T16:18:49,Esben,idiom_serial_recall,fake_idioms,1,visual,phrases,12,4,start,at saette ild til sin egen stige,at,0,0,at,3,0,
2026-09-14T16:18:49,Esben,idiom_serial_recall,fake_idioms,1,visual,phrases,12,5,middle,at traekke gardinet for tidligt,at,0,0,at,3,0,
2026-09-14T16:18:49,Esben,idiom_serial_recall,fake_idioms,1,visual,phrases,12,6,middle,at vende koppen paa hovedet,at,0,0,at,3,0,
2026-09-14T16:18:49,Esben,idiom_serial_recall,fake_idioms,1,visual,phrases,12,7,middle,at loebe efter sin egen skygge,at,0,0,at,3,0,
2026-09-14T16:18:49,Esben,idiom_serial_recall,fake_idioms,1,visual,phrases,12,8,middle,at faa regn i stoevlerne,at,0,0,at,3,0,
2026-09-14T16:18:49,Esben,idiom_serial_recall,fake_idioms,1,visual,phrases,12,9,end,at gaa med hovedet under armen,at,0,0,at,3,0,
2026-09-14T16:18:49,Esben,idiom_serial_recall,fake_idioms,1,visual,phrases,12,10,end,at staa med naesen i postkassen,at loebe rundt om samme sten,0,0,at loebe rundt om samme sten,3,0,
2026-09-14T16:18:49,Esben,idiom_serial_recall,fake_idioms,1,visual,phrases,12,11,end,at have begge haender i honningkrukken,at have begge haender i honningkruggen,0,0,at have begge haender i honningkruggen,3,0,
2026-09-14T16:18:49,Esben,idiom_serial_recall,fake_idioms,1,visual,phrases,12,12,end,at gaa rundt om den samme sten,at,0,0,at,3,0,
2026-09-14T16:20:17,Esben,idiom_serial_recall,fake_idioms,2,visual,phrases,12,1,start,at faa vand over stoevlekanten,at have vand i stoevlekanten,0,0,at have vand i stoevlekanten,3,0,
2026-09-14T16:20:17,Esben,idiom_serial_recall,fake_idioms,2,visual,phrases,12,2,start,at have vinden under skjorten,at have vind under skjorten,0,0,at have vind under skjorten,3,0,
2026-09-14T16:20:17,Esben,idiom_serial_recall,fake_idioms,2,visual,phrases,12,3,start,at gaa med skeen i den forkerte gryde,a,0,0,a,3,0,
2026-09-14T16:20:17,Esben,idiom_serial_recall,fake_idioms,2,visual,phrases,12,4,start,at saette ild til sin egen stige,a,0,0,a,3,0,
2026-09-14T16:20:17,Esben,idiom_serial_recall,fake_idioms,2,visual,phrases,12,5,middle,at gaa med hovedet under armen,a,0,0,a,3,0,
2026-09-14T16:20:17,Esben,idiom_serial_recall,fake_idioms,2,visual,phrases,12,6,middle,at staa med naesen i postkassen,a,0,0,a,3,0,
2026-09-14T16:20:17,Esben,idiom_serial_recall,fake_idioms,2,visual,phrases,12,7,middle,at traekke stigen op foer man er paa taget,a,0,0,a,3,0,
2026-09-14T16:20:17,Esben,idiom_serial_recall,fake_idioms,2,visual,phrases,12,8,middle,at have en raev i rygsaekken,a,0,0,a,3,0,
2026-09-14T16:20:17,Esben,idiom_serial_recall,fake_idioms,2,visual,phrases,12,9,end,at slaa soem i taagen,a,0,0,a,3,0,
2026-09-14T16:20:17,Esben,idiom_serial_recall,fake_idioms,2,visual,phrases,12,10,end,at faa grus under vingerne,a,0,0,a,3,0,
2026-09-14T16:20:17,Esben,idiom_serial_recall,fake_idioms,2,visual,phrases,12,11,end,at traekke gardinet for tidligt,at traekke gardinet for tidligt,1,1,,3,0,
2026-09-14T16:20:17,Esben,idiom_serial_recall,fake_idioms,2,visual,phrases,12,12,end,at have grus i maskineriet,at have grus i maskineriet,1,1,,3,0,
2026-09-14T16:21:32,Esben,idiom_serial_recall,fake_idioms,3,visual,phrases,12,1,start,at traekke stigen op foer man er paa taget,at tage stigen op foer man er paa taget,0,0,at tage stigen op foer man er paa taget,3,0,
2026-09-14T16:21:32,Esben,idiom_serial_recall,fake_idioms,3,visual,phrases,12,2,start,at slaa soem i taagen,at,0,0,at,3,0,
2026-09-14T16:21:32,Esben,idiom_serial_recall,fake_idioms,3,visual,phrases,12,3,start,at taende lampen i dagslys,at,0,0,at,3,0,
2026-09-14T16:21:32,Esben,idiom_serial_recall,fake_idioms,3,visual,phrases,12,4,start,at vende koppen paa hovedet,at,0,0,at,3,0,
2026-09-14T16:21:32,Esben,idiom_serial_recall,fake_idioms,3,visual,phrases,12,5,middle,at gaa rundt om den samme sten,at,0,0,at,3,0,
2026-09-14T16:21:32,Esben,idiom_serial_recall,fake_idioms,3,visual,phrases,12,6,middle,at slaa knude paa sin egen hale,at,0,0,at,3,0,
2026-09-14T16:21:32,Esben,idiom_serial_recall,fake_idioms,3,visual,phrases,12,7,middle,at have begge haender i honningkrukken,at,0,0,at,3,0,
2026-09-14T16:21:32,Esben,idiom_serial_recall,fake_idioms,3,visual,phrases,12,8,middle,at staa med begge ben i samme stoevle,at,0,0,at,3,0,
2026-09-14T16:21:32,Esben,idiom_serial_recall,fake_idioms,3,visual,phrases,12,9,end,at saette stoevlerne i den forkerte groeft,at,0,0,at,3,0,
2026-09-14T16:21:32,Esben,idiom_serial_recall,fake_idioms,3,visual,phrases,12,10,end,at traekke gardinet for tidligt,at,0,0,at,3,0,
2026-09-14T16:21:32,Esben,idiom_serial_recall,fake_idioms,3,visual,phrases,12,11,end,at have en sten under hatten,at have sten under hatten,0,0,at have sten under hatten,3,0,
2026-09-14T16:21:32,Esben,idiom_serial_recall,fake_idioms,3,visual,phrases,12,12,end,at kaste hatten foer festen,at kaste hatten foer festen,1,1,,3,0,
