timestamp,participant,experiment,condition,trial,mode,response_format,n_items,serial_position,region,presented_item,response_at_position,free_recalled,serial_correct,substitution,interval_s,delay_s,chunk_label
2026-09-18T14:07:43,Esben2,free_recall,baseline,1,visual,letters,16,1,start,F,F,1.0,1,,3.0,0,
2026-09-18T14:07:43,Esben2,free_recall,baseline,1,visual,letters,16,2,start,R,A,1.0,0,A,3.0,0,
2026-09-18T14:07:43,Esben2,free_recall,baseline,1,visual,letters,16,3,start,F,R,1.0,0,R,3.0,0,
2026-09-18T14:07:43,Esben2,free_recall,baseline,1,visual,letters,16,4,start,A,F,1.0,0,F,3.0,0,
2026-09-18T14:07:43,Esben2,free_recall,baseline,1,visual,letters,16,5,start,X,F,1.0,0,F,3.0,0,
2026-09-18T14:07:43,Esben2,free_recall,baseline,1,visual,letters,16,6,start,Q,X,1.0,0,X,3.0,0,
2026-09-18T14:07:43,Esben2,free_recall,baseline,1,visual,letters,16,7,middle,H,Q,1.0,0,Q,3.0,0,
2026-09-18T14:07:43,Esben2,free_recall,baseline,1,visual,letters,16,8,middle,L,L,1.0,1,,3.0,0,
2026-09-18T14:07:43,Esben2,free_recall,baseline,1,visual,letters,16,9,middle,C,H,1.0,0,H,3.0,0,
2026-09-18T14:07:43,Esben2,free_recall,baseline,1,visual,letters,16,10,middle,G,X,1.0,0,X,3.0,0,
2026-09-18T14:07:43,Esben2,free_recall,baseline,1,visual,letters,16,11,middle,W,G,1.0,0,G,3.0,0,
2026-09-18T14:07:43,Esben2,free_recall,baseline,1,visual,letters,16,12,end,C,R,1.0,0,R,3.0,0,
2026-09-18T14:07:43,Esben2,free_recall,baseline,1,visual,letters,16,13,end,B,W,0.0,0,W,3.0,0,
2026-09-18T14:07:43,Esben2,free_recall,baseline,1,visual,letters,16,14,end,R,C,1.0,0,C,3.0,0,
2026-09-18T14:07:43,Esben2,free_recall,baseline,1,visual,letters,16,15,end,X,C,1.0,0,C,3.0,0,
2026-09-18T14:07:43,Esben2,free_recall,baseline,1,visual,letters,16,16,end,F,L,1.0,0,L,3.0,0,
2026-09-18T14:09:08,Esben2,free_recall,baseline,2,visual,letters,16,1,start,E,S,1.0,0,S,3.0,0,
2026-09-18T14:09:08,Esben2,free_recall,baseline,2,visual,letters,16,2,start,W,B,1.0,0,B,3.0,0,
2026-09-18T14:09:08,Esben2,free_recall,baseline,2,visual,letters,16,3,start,D,H,1.0,0,H,3.0,0,
2026-09-18T14:09:08,Esben2,free_recall,baseline,2,visual,letters,16,4,start,X,D,1.0,0,D,3.0,0,
2026-09-18T14:09:08,Esben2,free_recall,baseline,2,visual,letters,16,5,start,E,E,1.0,1,,3.0,0,
2026-09-18T14:09:08,Esben2,free_recall,baseline,2,visual,letters,16,6,start,X,W,1.0,0,W,3.0,0,
2026-09-18T14:09:08,Esben2,free_recall,baseline,2,visual,letters,16,7,middle,E,E,1.0,1,,3.0,0,
2026-09-18T14:09:08,Esben2,free_recall,baseline,2,visual,letters,16,8,middle,Z,X,1.0,0,X,3.0,0,
2026-09-18T14:09:08,Esben2,free_recall,baseline,2,visual,letters,16,9,middle,V,E,0.0,0,E,3.0,0,
2026-09-18T14:09:08,Esben2,free_recall,baseline,2,visual,letters,16,10,middle,U,X,1.0,0,X,3.0,0,
2026-09-18T14:09:08,Esben2,free_recall,baseline,2,visual,letters,16,11,middle,M,Z,1.0,0,Z,3.0,0,
2026-09-18T14:09:08,Esben2,free_recall,baseline,2,visual,letters,16,12,end,J,U,0.0,0,U,3.0,0,
2026-09-18T14:09:08,Esben2,free_recall,baseline,2,visual,letters,16,13,end,K,M,0.0,0,M,3.0,0,
2026-09-18T14:09:08,Esben2,free_recall,baseline,2,visual,letters,16,14,end,S,H,1.0,0,H,3.0,0,
2026-09-18T14:09:08,Esben2,free_recall,baseline,2,visual,letters,16,15,end,B,S,1.0,0,S,3.0,0,
2026-09-18T14:09:08,Esben2,free_recall,baseline,2,visual,letters,16,16,end,H,M,1.0,0,M,3.0,0,
2026-09-18T14:10:11,Esben2,free_recall,baseline,3,visual,letters,16,1,start,D,Y,1.0,0,Y,3.0,0,
2026-09-18T14:10:11,Esben2,free_recall,baseline,3,visual,letters,16,2,start,F,I,1.0,0,I,3.0,0,
2026-09-18T14:10:11,Esben2,free_recall,baseline,3,visual,letters,16,3,start,I,Z,0.5,0,Z,3.0,0,
2026-09-18T14:10:11,Esben2,free_recall,baseline,3,visual,letters,16,4,start,D,D,1.0,1,,3.0,0,
2026-09-18T14:10:11,Esben2,free_recall,baseline,3,visual,letters,16,5,start,W,Z,1.0,0,Z,3.0,0,
2026-09-18T14:10:11,Esben2,free_recall,baseline,3,visual,letters,16,6,start,B,A,1.0,0,A,3.0,0,
2026-09-18T14:10:11,Esben2,free_recall,baseline,3,visual,letters,16,7,middle,H,H,1.0,1,,3.0,0,
2026-09-18T14:10:11,Esben2,free_recall,baseline,3,visual,letters,16,8,middle,S,S,1.0,1,,3.0,0,
2026-09-18T14:10:11,Esben2,free_recall,baseline,3,visual,letters,16,9,middle,Y,F,1.0,0,F,3.0,0,
2026-09-18T14:10:11,Esben2,free_recall,baseline,3,visual,letters,16,10,middle,I,E,0.5,0,E,3.0,0,
2026-09-18T14:10:11,Esben2,free_recall,baseline,3,visual,letters,16,11,middle,Z,D,1.0,0,D,3.0,0,
2026-09-18T14:10:11,Esben2,free_recall,baseline,3,visual,letters,16,12,end,D,D,1.0,1,,3.0,0,
2026-09-18T14:10:11,Esben2,free_recall,baseline,3,visual,letters,16,13,end,Z,W,1.0,0,W,3.0,0,
2026-09-18T14:10:11,Esben2,free_recall,baseline,3,visual,letters,16,14,end,A,B,1.0,0,B,3.0,0,
2026-09-18T14:10:11,Esben2,free_recall,baseline,3,visual,letters,16,15,end,H,H,1.0,1,,3.0,0,
2026-09-18T14:10:11,Esben2,free_recall,baseline,3,visual,letters,16,16,end,S,S,1.0,1,,3.0,0,
2026-09-18T14:13:06,Esben2,free_recall,unfilled_delay,1,visual,letters,16,1,start,Y,F,1.0,0,F,3.0,60,
2026-09-18T14:13:06,Esben2,free_recall,unfilled_delay,1,visual,letters,16,2,start,F,Y,1.0,0,Y,3.0,60,
2026-09-18T14:13:06,Esben2,free_recall,unfilled_delay,1,visual,letters,16,3,start,C,K,0.0,0,K,3.0,60,
2026-09-18T14:13:06,Esben2,free_recall,unfilled_delay,1,visual,letters,16,4,start,M,M,1.0,1,,3.0,60,
2026-09-18T14:13:06,Esben2,free_recall,unfilled_delay,1,visual,letters,16,5,start,Y,Y,1.0,1,,3.0,60,
2026-09-18T14:13:06,Esben2,free_recall,unfilled_delay,1,visual,letters,16,6,start,K,K,1.0,1,,3.0,60,
2026-09-18T14:13:06,Esben2,free_recall,unfilled_delay,1,visual,letters,16,7,middle,G,N,1.0,0,N,3.0,60,
2026-09-18T14:13:06,Esben2,free_recall,unfilled_delay,1,visual,letters,16,8,middle,N,I,1.0,0,I,3.0,60,
2026-09-18T14:13:06,Esben2,free_recall,unfilled_delay,1,visual,letters,16,9,middle,E,G,1.0,0,G,3.0,60,
2026-09-18T14:13:06,Esben2,free_recall,unfilled_delay,1,visual,letters,16,10,middle,U,U,1.0,1,,3.0,60,
2026-09-18T14:13:06,Esben2,free_recall,unfilled_delay,1,visual,letters,16,11,middle,S,S,1.0,1,,3.0,60,
2026-09-18T14:13:06,Esben2,free_recall,unfilled_delay,1,visual,letters,16,12,end,R,E,0.5,0,E,3.0,60,
2026-09-18T14:13:06,Esben2,free_recall,unfilled_delay,1,visual,letters,16,13,end,W,R,1.0,0,R,3.0,60,
2026-09-18T14:13:06,Esben2,free_recall,unfilled_delay,1,visual,letters,16,14,end,O,O,1.0,1,,3.0,60,
2026-09-18T14:13:06,Esben2,free_recall,unfilled_delay,1,visual,letters,16,15,end,I,W,1.0,0,W,3.0,60,
2026-09-18T14:13:06,Esben2,free_recall,unfilled_delay,1,visual,letters,16,16,end,R,I,0.5,0,I,3.0,60,
2026-09-18T14:15:15,Esben2,free_recall,unfilled_delay,2,visual,letters,16,1,start,B,B,1.0,1,,3.0,60,
2026-09-18T14:15:15,Esben2,free_recall,unfilled_delay,2,visual,letters,16,2,start,T,T,1.0,1,,3.0,60,
2026-09-18T14:15:15,Esben2,free_recall,unfilled_delay,2,visual,letters,16,3,start,W,W,1.0,1,,3.0,60,
2026-09-18T14:15:15,Esben2,free_recall,unfilled_delay,2,visual,letters,16,4,start,V,V,1.0,1,,3.0,60,
2026-09-18T14:15:15,Esben2,free_recall,unfilled_delay,2,visual,letters,16,5,start,V,V,1.0,1,,3.0,60,
2026-09-18T14:15:15,Esben2,free_recall,unfilled_delay,2,visual,letters,16,6,start,T,V,1.0,0,V,3.0,60,
2026-09-18T14:15:15,Esben2,free_recall,unfilled_delay,2,visual,letters,16,7,middle,P,T,1.0,0,T,3.0,60,
2026-09-18T14:15:15,Esben2,free_recall,unfilled_delay,2,visual,letters,16,8,middle,H,P,1.0,0,P,3.0,60,
2026-09-18T14:15:15,Esben2,free_recall,unfilled_delay,2,visual,letters,16,9,middle,X,H,0.0,0,H,3.0,60,
2026-09-18T14:15:15,Esben2,free_recall,unfilled_delay,2,visual,letters,16,10,middle,B,U,1.0,0,U,3.0,60,
2026-09-18T14:15:15,Esben2,free_recall,unfilled_delay,2,visual,letters,16,11,middle,I,C,0.0,0,C,3.0,60,
2026-09-18T14:15:15,Esben2,free_recall,unfilled_delay,2,visual,letters,16,12,end,C,O,0.5,0,O,3.0,60,
2026-09-18T14:15:15,Esben2,free_recall,unfilled_delay,2,visual,letters,16,13,end,O,R,1.0,0,R,3.0,60,
2026-09-18T14:15:15,Esben2,free_recall,unfilled_delay,2,visual,letters,16,14,end,R,P,1.0,0,P,3.0,60,
2026-09-18T14:15:15,Esben2,free_recall,unfilled_delay,2,visual,letters,16,15,end,C,B,0.5,0,B,3.0,60,
2026-09-18T14:15:15,Esben2,free_recall,unfilled_delay,2,visual,letters,16,16,end,V,H,1.0,0,H,3.0,60,
2026-09-18T14:17:20,Esben2,free_recall,unfilled_delay,3,visual,letters,16,1,start,Y,L,1.0,0,L,3.0,60,
2026-09-18T14:17:20,Esben2,free_recall,unfilled_delay,3,visual,letters,16,2,start,L,Y,1.0,0,Y,3.0,60,
2026-09-18T14:17:20,Esben2,free_recall,unfilled_delay,3,visual,letters,16,3,start,N,N,1.0,1,,3.0,60,
2026-09-18T14:17:20,Esben2,free_recall,unfilled_delay,3,visual,letters,16,4,start,L,L,1.0,1,,3.0,60,
2026-09-18T14:17:20,Esben2,free_recall,unfilled_delay,3,visual,letters,16,5,start,S,U,1.0,0,U,3.0,60,
2026-09-18T14:17:20,Esben2,free_recall,unfilled_delay,3,visual,letters,16,6,start,U,S,1.0,0,S,3.0,60,
2026-09-18T14:17:20,Esben2,free_recall,unfilled_delay,3,visual,letters,16,7,middle,U,L,1.0,0,L,3.0,60,
2026-09-18T14:17:20,Esben2,free_recall,unfilled_delay,3,visual,letters,16,8,middle,W,U,0.0,0,U,3.0,60,
2026-09-18T14:17:20,Esben2,free_recall,unfilled_delay,3,visual,letters,16,9,middle,L,V,1.0,0,V,3.0,60,
2026-09-18T14:17:20,Esben2,free_recall,unfilled_delay,3,visual,letters,16,10,middle,H,D,1.0,0,D,3.0,60,
2026-09-18T14:17:20,Esben2,free_recall,unfilled_delay,3,visual,letters,16,11,middle,D,U,1.0,0,U,3.0,60,
2026-09-18T14:17:20,Esben2,free_recall,unfilled_delay,3,visual,letters,16,12,end,U,H,1.0,0,H,3.0,60,
2026-09-18T14:17:20,Esben2,free_recall,unfilled_delay,3,visual,letters,16,13,end,V,V,1.0,1,,3.0,60,
2026-09-18T14:17:20,Esben2,free_recall,unfilled_delay,3,visual,letters,16,14,end,K,K,1.0,1,,3.0,60,
2026-09-18T14:17:20,Esben2,free_recall,unfilled_delay,3,visual,letters,16,15,end,P,P,1.0,1,,3.0,60,
2026-09-18T14:17:20,Esben2,free_recall,unfilled_delay,3,visual,letters,16,16,end,N,N,1.0,1,,3.0,60,
2026-09-18T14:18:37,Esben2,free_recall,fast_rate,1,visual,letters,16,1,start,V,K,1.0,0,K,1.0,0,
2026-09-18T14:18:37,Esben2,free_recall,fast_rate,1,visual,letters,16,2,start,S,Y,0.5,0,Y,1.0,0,
2026-09-18T14:18:37,Esben2,free_recall,fast_rate,1,visual,letters,16,3,start,B,V,0.0,0,V,1.0,0,
2026-09-18T14:18:37,Esben2,free_recall,fast_rate,1,visual,letters,16,4,start,G,U,0.0,0,U,1.0,0,
2026-09-18T14:18:37,Esben2,free_recall,fast_rate,1,visual,letters,16,5,start,U,X,1.0,0,X,1.0,0,
2026-09-18T14:18:37,Esben2,free_recall,fast_rate,1,visual,letters,16,6,start,A,N,0.0,0,N,1.0,0,
2026-09-18T14:18:37,Esben2,free_recall,fast_rate,1,visual,letters,16,7,middle,X,Y,1.0,0,Y,1.0,0,
2026-09-18T14:18:37,Esben2,free_recall,fast_rate,1,visual,letters,16,8,middle,H,K,1.0,0,K,1.0,0,
2026-09-18T14:18:37,Esben2,free_recall,fast_rate,1,visual,letters,16,9,middle,M,H,0.0,0,H,1.0,0,
2026-09-18T14:18:37,Esben2,free_recall,fast_rate,1,visual,letters,16,10,middle,F,L,0.0,0,L,1.0,0,
2026-09-18T14:18:37,Esben2,free_recall,fast_rate,1,visual,letters,16,11,middle,X,V,1.0,0,V,1.0,0,
2026-09-18T14:18:37,Esben2,free_recall,fast_rate,1,visual,letters,16,12,end,S,X,0.5,0,X,1.0,0,
2026-09-18T14:18:37,Esben2,free_recall,fast_rate,1,visual,letters,16,13,end,K,C,1.0,0,C,1.0,0,
2026-09-18T14:18:37,Esben2,free_recall,fast_rate,1,visual,letters,16,14,end,R,W,0.0,0,W,1.0,0,
2026-09-18T14:18:37,Esben2,free_recall,fast_rate,1,visual,letters,16,15,end,Y,S,1.0,0,S,1.0,0,
2026-09-18T14:18:37,Esben2,free_recall,fast_rate,1,visual,letters,16,16,end,V,D,1.0,0,D,1.0,0,
2026-09-18T14:19:19,Esben2,free_recall,fast_rate,2,visual,letters,16,1,start,Y,B,1.0,0,B,1.0,0,
2026-09-18T14:19:19,Esben2,free_recall,fast_rate,2,visual,letters,16,2,start,U,Z,1.0,0,Z,1.0,0,
2026-09-18T14:19:19,Esben2,free_recall,fast_rate,2,visual,letters,16,3,start,L,X,1.0,0,X,1.0,0,
2026-09-18T14:19:19,Esben2,free_recall,fast_rate,2,visual,letters,16,4,start,J,Z,1.0,0,Z,1.0,0,
2026-09-18T14:19:19,Esben2,free_recall,fast_rate,2,visual,letters,16,5,start,V,J,0.0,0,J,1.0,0,
2026-09-18T14:19:19,Esben2,free_recall,fast_rate,2,visual,letters,16,6,start,Q,U,1.0,0,U,1.0,0,
2026-09-18T14:19:19,Esben2,free_recall,fast_rate,2,visual,letters,16,7,middle,I,L,1.0,0,L,1.0,0,
2026-09-18T14:19:19,Esben2,free_recall,fast_rate,2,visual,letters,16,8,middle,Q,Y,1.0,0,Y,1.0,0,
2026-09-18T14:19:19,Esben2,free_recall,fast_rate,2,visual,letters,16,9,middle,W,W,1.0,1,,1.0,0,
2026-09-18T14:19:19,Esben2,free_recall,fast_rate,2,visual,letters,16,10,middle,U,Q,1.0,0,Q,1.0,0,
2026-09-18T14:19:19,Esben2,free_recall,fast_rate,2,visual,letters,16,11,middle,G,I,1.0,0,I,1.0,0,
2026-09-18T14:19:19,Esben2,free_recall,fast_rate,2,visual,letters,16,12,end,S,Q,0.0,0,Q,1.0,0,
2026-09-18T14:19:19,Esben2,free_recall,fast_rate,2,visual,letters,16,13,end,B,U,1.0,0,U,1.0,0,
2026-09-18T14:19:19,Esben2,free_recall,fast_rate,2,visual,letters,16,14,end,Z,G,1.0,0,G,1.0,0,
2026-09-18T14:19:19,Esben2,free_recall,fast_rate,2,visual,letters,16,15,end,X,L,1.0,0,L,1.0,0,
2026-09-18T14:19:19,Esben2,free_recall,fast_rate,2,visual,letters,16,16,end,Z,K,1.0,0,K,1.0,0,
2026-09-18T14:19:57,Esben2,free_recall,fast_rate,3,visual,letters,16,1,start,A,D,1.0,0,D,1.0,0,
2026-09-18T14:19:57,Esben2,free_recall,fast_rate,3,visual,letters,16,2,start,M,O,1.0,0,O,1.0,0,
2026-09-18T14:19:57,Esben2,free_recall,fast_rate,3,visual,letters,16,3,start,V,B,1.0,0,B,1.0,0,
2026-09-18T14:19:57,Esben2,free_recall,fast_rate,3,visual,letters,16,4,start,H,W,0.0,0,W,1.0,0,
2026-09-18T14:19:57,Esben2,free_recall,fast_rate,3,visual,letters,16,5,start,E,M,0.5,0,M,1.0,0,
2026-09-18T14:19:57,Esben2,free_recall,fast_rate,3,visual,letters,16,6,start,Y,V,1.0,0,V,1.0,0,
2026-09-18T14:19:57,Esben2,free_recall,fast_rate,3,visual,letters,16,7,middle,X,M,1.0,0,M,1.0,0,
2026-09-18T14:19:57,Esben2,free_recall,fast_rate,3,visual,letters,16,8,middle,M,A,1.0,0,A,1.0,0,
2026-09-18T14:19:57,Esben2,free_recall,fast_rate,3,visual,letters,16,9,middle,V,V,1.0,1,,1.0,0,
2026-09-18T14:19:57,Esben2,free_recall,fast_rate,3,visual,letters,16,10,middle,E,E,0.5,1,,1.0,0,
2026-09-18T14:19:57,Esben2,free_recall,fast_rate,3,visual,letters,16,11,middle,K,K,1.0,1,,1.0,0,
2026-09-18T14:19:57,Esben2,free_recall,fast_rate,3,visual,letters,16,12,end,H,Y,0.0,0,Y,1.0,0,
2026-09-18T14:19:57,Esben2,free_recall,fast_rate,3,visual,letters,16,13,end,W,X,1.0,0,X,1.0,0,
2026-09-18T14:19:57,Esben2,free_recall,fast_rate,3,visual,letters,16,14,end,B,W,1.0,0,W,1.0,0,
2026-09-18T14:19:57,Esben2,free_recall,fast_rate,3,visual,letters,16,15,end,D,L,1.0,0,L,1.0,0,
2026-09-18T14:19:57,Esben2,free_recall,fast_rate,3,visual,letters,16,16,end,O,G,1.0,0,G,1.0,0,
2026-09-18T14:22:16,Esben2,free_recall,working_memory,1,visual,letters,16,1,start,A,V,0.666667,0,V,3.0,0,
2026-09-18T14:22:16,Esben2,free_recall,working_memory,1,visual,letters,16,2,start,I,V,0.5,0,V,3.0,0,
2026-09-18T14:22:16,Esben2,free_recall,working_memory,1,visual,letters,16,3,start,U,I,1.0,0,I,3.0,0,
2026-09-18T14:22:16,Esben2,free_recall,working_memory,1,visual,letters,16,4,start,C,U,0.5,0,U,3.0,0,
2026-09-18T14:22:16,Esben2,free_recall,working_memory,1,visual,letters,16,5,start,W,O,0.0,0,O,3.0,0,
2026-09-18T14:22:16,Esben2,free_recall,working_memory,1,visual,letters,16,6,start,E,B,1.0,0,B,3.0,0,
2026-09-18T14:22:16,Esben2,free_recall,working_memory,1,visual,letters,16,7,middle,C,U,0.5,0,U,3.0,0,
2026-09-18T14:22:16,Esben2,free_recall,working_memory,1,visual,letters,16,8,middle,R,D,0.0,0,D,3.0,0,
2026-09-18T14:22:16,Esben2,free_recall,working_memory,1,visual,letters,16,9,middle,A,E,0.666667,0,E,3.0,0,
2026-09-18T14:22:16,Esben2,free_recall,working_memory,1,visual,letters,16,10,middle,A,C,0.666667,0,C,3.0,0,
2026-09-18T14:22:16,Esben2,free_recall,working_memory,1,visual,letters,16,11,middle,N,A,0.0,0,A,3.0,0,
2026-09-18T14:22:16,Esben2,free_recall,working_memory,1,visual,letters,16,12,end,V,A,1.0,0,A,3.0,0,
2026-09-18T14:22:16,Esben2,free_recall,working_memory,1,visual,letters,16,13,end,I,M,0.5,0,M,3.0,0,
2026-09-18T14:22:16,Esben2,free_recall,working_memory,1,visual,letters,16,14,end,B,E,1.0,0,E,3.0,0,
2026-09-18T14:22:16,Esben2,free_recall,working_memory,1,visual,letters,16,15,end,T,Y,0.0,0,Y,3.0,0,
2026-09-18T14:22:16,Esben2,free_recall,working_memory,1,visual,letters,16,16,end,S,L,0.0,0,L,3.0,0,
2026-09-18T14:24:09,Esben2,free_recall,working_memory,2,visual,letters,16,1,start,Z,Z,1.0,1,,3.0,0,
2026-09-18T14:24:09,Esben2,free_recall,working_memory,2,visual,letters,16,2,start,R,E,1.0,0,E,3.0,0,
2026-09-18T14:24:09,Esben2,free_recall,working_memory,2,visual,letters,16,3,start,C,L,1.0,0,L,3.0,0,
2026-09-18T14:24:09,Esben2,free_recall,working_memory,2,visual,letters,16,4,start,O,T,0.5,0,T,3.0,0,
2026-09-18T14:24:09,Esben2,free_recall,working_memory,2,visual,letters,16,5,start,T,Z,1.0,0,Z,3.0,0,
2026-09-18T14:24:09,Esben2,free_recall,working_memory,2,visual,letters,16,6,start,S,S,1.0,1,,3.0,0,
2026-09-18T14:24:09,Esben2,free_recall,working_memory,2,visual,letters,16,7,middle,L,Z,1.0,0,Z,3.0,0,
2026-09-18T14:24:09,Esben2,free_recall,working_memory,2,visual,letters,16,8,middle,Z,Z,1.0,1,,3.0,0,
2026-09-18T14:24:09,Esben2,free_recall,working_memory,2,visual,letters,16,9,middle,E,C,1.0,0,C,3.0,0,
2026-09-18T14:24:09,Esben2,free_recall,working_memory,2,visual,letters,16,10,middle,O,R,0.5,0,R,3.0,0,
2026-09-18T14:24:09,Esben2,free_recall,working_memory,2,visual,letters,16,11,middle,H,O,1.0,0,O,3.0,0,
2026-09-18T14:24:09,Esben2,free_recall,working_memory,2,visual,letters,16,12,end,N,S,1.0,0,S,3.0,0,
2026-09-18T14:24:09,Esben2,free_recall,working_memory,2,visual,letters,16,13,end,F,N,0.0,0,N,3.0,0,
2026-09-18T14:24:09,Esben2,free_recall,working_memory,2,visual,letters,16,14,end,P,P,1.0,1,,3.0,0,
2026-09-18T14:24:09,Esben2,free_recall,working_memory,2,visual,letters,16,15,end,Z,H,1.0,0,H,3.0,0,
2026-09-18T14:24:09,Esben2,free_recall,working_memory,2,visual,letters,16,16,end,Z,R,1.0,0,R,3.0,0,
2026-09-18T14:26:09,Esben2,free_recall,working_memory,3,visual,letters,16,1,start,O,J,1.0,0,J,3.0,0,
2026-09-18T14:26:09,Esben2,free_recall,working_memory,3,visual,letters,16,2,start,B,V,1.0,0,V,3.0,0,
2026-09-18T14:26:09,Esben2,free_recall,working_memory,3,visual,letters,16,3,start,P,T,1.0,0,T,3.0,0,
2026-09-18T14:26:09,Esben2,free_recall,working_memory,3,visual,letters,16,4,start,O,G,1.0,0,G,3.0,0,
2026-09-18T14:26:09,Esben2,free_recall,working_memory,3,visual,letters,16,5,start,A,A,0.666667,1,,3.0,0,
2026-09-18T14:26:09,Esben2,free_recall,working_memory,3,visual,letters,16,6,start,Z,B,1.0,0,B,3.0,0,
2026-09-18T14:26:09,Esben2,free_recall,working_memory,3,visual,letters,16,7,middle,K,O,0.0,0,O,3.0,0,
2026-09-18T14:26:09,Esben2,free_recall,working_memory,3,visual,letters,16,8,middle,Q,A,1.0,0,A,3.0,0,
2026-09-18T14:26:09,Esben2,free_recall,working_memory,3,visual,letters,16,9,middle,Z,P,1.0,0,P,3.0,0,
2026-09-18T14:26:09,Esben2,free_recall,working_memory,3,visual,letters,16,10,middle,A,O,0.666667,0,O,3.0,0,
2026-09-18T14:26:09,Esben2,free_recall,working_memory,3,visual,letters,16,11,middle,H,Z,0.0,0,Z,3.0,0,
2026-09-18T14:26:09,Esben2,free_recall,working_memory,3,visual,letters,16,12,end,J,Z,1.0,0,Z,3.0,0,
2026-09-18T14:26:09,Esben2,free_recall,working_memory,3,visual,letters,16,13,end,V,Q,1.0,0,Q,3.0,0,
2026-09-18T14:26:09,Esben2,free_recall,working_memory,3,visual,letters,16,14,end,T,I,1.0,0,I,3.0,0,
2026-09-18T14:26:09,Esben2,free_recall,working_memory,3,visual,letters,16,15,end,G,Z,1.0,0,Z,3.0,0,
2026-09-18T14:26:09,Esben2,free_recall,working_memory,3,visual,letters,16,16,end,A,L,0.666667,0,L,3.0,0,
2026-09-18T14:38:21,Esben2,serial_recall,capacity_n4,1,visual,letters,4,1,start,M,M,1.0,1,,3.0,0,
2026-09-18T14:38:21,Esben2,serial_recall,capacity_n4,1,visual,letters,4,2,start,R,R,1.0,1,,3.0,0,
2026-09-18T14:38:21,Esben2,serial_recall,capacity_n4,1,visual,letters,4,3,middle,Z,Z,1.0,1,,3.0,0,
2026-09-18T14:38:21,Esben2,serial_recall,capacity_n4,1,visual,letters,4,4,end,K,K,1.0,1,,3.0,0,
2026-09-18T14:38:37,Esben2,serial_recall,capacity_n4,2,visual,letters,4,1,start,X,X,1.0,1,,3.0,0,
2026-09-18T14:38:37,Esben2,serial_recall,capacity_n4,2,visual,letters,4,2,start,D,D,1.0,1,,3.0,0,
2026-09-18T14:38:37,Esben2,serial_recall,capacity_n4,2,visual,letters,4,3,middle,V,V,1.0,1,,3.0,0,
2026-09-18T14:38:37,Esben2,serial_recall,capacity_n4,2,visual,letters,4,4,end,M,M,1.0,1,,3.0,0,
2026-09-18T14:38:53,Esben2,serial_recall,capacity_n4,3,visual,letters,4,1,start,W,W,1.0,1,,3.0,0,
2026-09-18T14:38:53,Esben2,serial_recall,capacity_n4,3,visual,letters,4,2,start,W,W,1.0,1,,3.0,0,
2026-09-18T14:38:53,Esben2,serial_recall,capacity_n4,3,visual,letters,4,3,middle,K,K,1.0,1,,3.0,0,
2026-09-18T14:38:53,Esben2,serial_recall,capacity_n4,3,visual,letters,4,4,end,W,W,1.0,1,,3.0,0,
2026-09-18T14:39:09,Esben2,serial_recall,capacity_n4,4,visual,letters,4,1,start,F,F,1.0,1,,3.0,0,
2026-09-18T14:39:09,Esben2,serial_recall,capacity_n4,4,visual,letters,4,2,start,W,W,1.0,1,,3.0,0,
2026-09-18T14:39:09,Esben2,serial_recall,capacity_n4,4,visual,letters,4,3,middle,S,S,1.0,1,,3.0,0,
2026-09-18T14:39:09,Esben2,serial_recall,capacity_n4,4,visual,letters,4,4,end,E,E,1.0,1,,3.0,0,
2026-09-18T14:39:26,Esben2,serial_recall,capacity_n4,5,visual,letters,4,1,start,V,V,1.0,1,,3.0,0,
2026-09-18T14:39:26,Esben2,serial_recall,capacity_n4,5,visual,letters,4,2,start,T,T,1.0,1,,3.0,0,
2026-09-18T14:39:26,Esben2,serial_recall,capacity_n4,5,visual,letters,4,3,middle,J,J,1.0,1,,3.0,0,
2026-09-18T14:39:26,Esben2,serial_recall,capacity_n4,5,visual,letters,4,4,end,T,T,1.0,1,,3.0,0,
2026-09-18T14:39:42,Esben2,serial_recall,capacity_n4,6,visual,letters,4,1,start,Y,Y,1.0,1,,3.0,0,
2026-09-18T14:39:42,Esben2,serial_recall,capacity_n4,6,visual,letters,4,2,start,P,P,1.0,1,,3.0,0,
2026-09-18T14:39:42,Esben2,serial_recall,capacity_n4,6,visual,letters,4,3,middle,I,I,1.0,1,,3.0,0,
2026-09-18T14:39:42,Esben2,serial_recall,capacity_n4,6,visual,letters,4,4,end,B,B,1.0,1,,3.0,0,
2026-09-18T14:40:02,Esben2,serial_recall,capacity_n5,7,visual,letters,5,1,start,T,T,1.0,1,,3.0,0,
2026-09-18T14:40:02,Esben2,serial_recall,capacity_n5,7,visual,letters,5,2,start,X,X,1.0,1,,3.0,0,
2026-09-18T14:40:02,Esben2,serial_recall,capacity_n5,7,visual,letters,5,3,middle,E,E,1.0,1,,3.0,0,
2026-09-18T14:40:02,Esben2,serial_recall,capacity_n5,7,visual,letters,5,4,middle,C,C,1.0,1,,3.0,0,
2026-09-18T14:40:02,Esben2,serial_recall,capacity_n5,7,visual,letters,5,5,end,K,K,1.0,1,,3.0,0,
2026-09-18T14:40:25,Esben2,serial_recall,capacity_n5,8,visual,letters,5,1,start,F,F,1.0,1,,3.0,0,
2026-09-18T14:40:25,Esben2,serial_recall,capacity_n5,8,visual,letters,5,2,start,Z,Z,1.0,1,,3.0,0,
2026-09-18T14:40:25,Esben2,serial_recall,capacity_n5,8,visual,letters,5,3,middle,K,K,1.0,1,,3.0,0,
2026-09-18T14:40:25,Esben2,serial_recall,capacity_n5,8,visual,letters,5,4,middle,B,B,1.0,1,,3.0,0,
2026-09-18T14:40:25,Esben2,serial_recall,capacity_n5,8,visual,letters,5,5,end,B,B,1.0,1,,3.0,0,
2026-09-18T14:40:45,Esben2,serial_recall,capacity_n5,9,visual,letters,5,1,start,B,B,1.0,1,,3.0,0,
2026-09-18T14:40:45,Esben2,serial_recall,capacity_n5,9,visual,letters,5,2,start,W,W,1.0,1,,3.0,0,
2026-09-18T14:40:45,Esben2,serial_recall,capacity_n5,9,visual,letters,5,3,middle,B,B,1.0,1,,3.0,0,
2026-09-18T14:40:45,Esben2,serial_recall,capacity_n5,9,visual,letters,5,4,middle,I,I,1.0,1,,3.0,0,
2026-09-18T14:40:45,Esben2,serial_recall,capacity_n5,9,visual,letters,5,5,end,N,N,1.0,1,,3.0,0,
2026-09-18T14:41:06,Esben2,serial_recall,capacity_n5,10,visual,letters,5,1,start,Q,Q,1.0,1,,3.0,0,
2026-09-18T14:41:06,Esben2,serial_recall,capacity_n5,10,visual,letters,5,2,start,Q,Q,1.0,1,,3.0,0,
2026-09-18T14:41:06,Esben2,serial_recall,capacity_n5,10,visual,letters,5,3,middle,E,E,1.0,1,,3.0,0,
2026-09-18T14:41:06,Esben2,serial_recall,capacity_n5,10,visual,letters,5,4,middle,E,E,1.0,1,,3.0,0,
2026-09-18T14:41:06,Esben2,serial_recall,capacity_n5,10,visual,letters,5,5,end,S,S,1.0,1,,3.0,0,
2026-09-18T14:41:26,Esben2,serial_recall,capacity_n5,11,visual,letters,5,1,start,P,P,1.0,1,,3.0,0,
2026-09-18T14:41:26,Esben2,serial_recall,capacity_n5,11,visual,letters,5,2,start,I,I,1.0,1,,3.0,0,
2026-09-18T14:41:26,Esben2,serial_recall,capacity_n5,11,visual,letters,5,3,middle,Y,Y,1.0,1,,3.0,0,
2026-09-18T14:41:26,Esben2,serial_recall,capacity_n5,11,visual,letters,5,4,middle,X,X,1.0,1,,3.0,0,
2026-09-18T14:41:26,Esben2,serial_recall,capacity_n5,11,visual,letters,5,5,end,N,N,1.0,1,,3.0,0,
2026-09-18T14:41:47,Esben2,serial_recall,capacity_n5,12,visual,letters,5,1,start,Z,Z,1.0,1,,3.0,0,
2026-09-18T14:41:47,Esben2,serial_recall,capacity_n5,12,visual,letters,5,2,start,Q,Q,1.0,1,,3.0,0,
2026-09-18T14:41:47,Esben2,serial_recall,capacity_n5,12,visual,letters,5,3,middle,T,T,1.0,1,,3.0,0,
2026-09-18T14:41:47,Esben2,serial_recall,capacity_n5,12,visual,letters,5,4,middle,F,F,1.0,1,,3.0,0,
2026-09-18T14:41:47,Esben2,serial_recall,capacity_n5,12,visual,letters,5,5,end,R,R,1.0,1,,3.0,0,
2026-09-18T14:42:11,Esben2,serial_recall,capacity_n6,13,visual,letters,6,1,start,N,N,1.0,1,,3.0,0,
2026-09-18T14:42:11,Esben2,serial_recall,capacity_n6,13,visual,letters,6,2,start,J,J,1.0,1,,3.0,0,
2026-09-18T14:42:11,Esben2,serial_recall,capacity_n6,13,visual,letters,6,3,middle,Z,Z,1.0,1,,3.0,0,
2026-09-18T14:42:11,Esben2,serial_recall,capacity_n6,13,visual,letters,6,4,middle,Z,Z,1.0,1,,3.0,0,
2026-09-18T14:42:11,Esben2,serial_recall,capacity_n6,13,visual,letters,6,5,end,B,B,1.0,1,,3.0,0,
2026-09-18T14:42:11,Esben2,serial_recall,capacity_n6,13,visual,letters,6,6,end,H,H,1.0,1,,3.0,0,
2026-09-18T14:42:39,Esben2,serial_recall,capacity_n6,14,visual,letters,6,1,start,F,F,1.0,1,,3.0,0,
2026-09-18T14:42:39,Esben2,serial_recall,capacity_n6,14,visual,letters,6,2,start,M,M,1.0,1,,3.0,0,
2026-09-18T14:42:39,Esben2,serial_recall,capacity_n6,14,visual,letters,6,3,middle,N,N,1.0,1,,3.0,0,
2026-09-18T14:42:39,Esben2,serial_recall,capacity_n6,14,visual,letters,6,4,middle,S,S,1.0,1,,3.0,0,
2026-09-18T14:42:39,Esben2,serial_recall,capacity_n6,14,visual,letters,6,5,end,F,F,1.0,1,,3.0,0,
2026-09-18T14:42:39,Esben2,serial_recall,capacity_n6,14,visual,letters,6,6,end,X,X,1.0,1,,3.0,0,
2026-09-18T14:43:07,Esben2,serial_recall,capacity_n6,15,visual,letters,6,1,start,E,E,1.0,1,,3.0,0,
2026-09-18T14:43:07,Esben2,serial_recall,capacity_n6,15,visual,letters,6,2,start,A,A,1.0,1,,3.0,0,
2026-09-18T14:43:07,Esben2,serial_recall,capacity_n6,15,visual,letters,6,3,middle,X,X,1.0,1,,3.0,0,
2026-09-18T14:43:07,Esben2,serial_recall,capacity_n6,15,visual,letters,6,4,middle,V,V,1.0,1,,3.0,0,
2026-09-18T14:43:07,Esben2,serial_recall,capacity_n6,15,visual,letters,6,5,end,N,N,1.0,1,,3.0,0,
2026-09-18T14:43:07,Esben2,serial_recall,capacity_n6,15,visual,letters,6,6,end,D,D,1.0,1,,3.0,0,
2026-09-18T14:43:30,Esben2,serial_recall,capacity_n6,16,visual,letters,6,1,start,E,E,1.0,1,,3.0,0,
2026-09-18T14:43:30,Esben2,serial_recall,capacity_n6,16,visual,letters,6,2,start,F,F,1.0,1,,3.0,0,
2026-09-18T14:43:30,Esben2,serial_recall,capacity_n6,16,visual,letters,6,3,middle,U,U,1.0,1,,3.0,0,
2026-09-18T14:43:30,Esben2,serial_recall,capacity_n6,16,visual,letters,6,4,middle,M,M,1.0,1,,3.0,0,
2026-09-18T14:43:30,Esben2,serial_recall,capacity_n6,16,visual,letters,6,5,end,K,K,1.0,1,,3.0,0,
2026-09-18T14:43:30,Esben2,serial_recall,capacity_n6,16,visual,letters,6,6,end,I,I,1.0,1,,3.0,0,
2026-09-18T14:43:56,Esben2,serial_recall,capacity_n6,17,visual,letters,6,1,start,E,E,1.0,1,,3.0,0,
2026-09-18T14:43:56,Esben2,serial_recall,capacity_n6,17,visual,letters,6,2,start,V,V,1.0,1,,3.0,0,
2026-09-18T14:43:56,Esben2,serial_recall,capacity_n6,17,visual,letters,6,3,middle,E,E,1.0,1,,3.0,0,
2026-09-18T14:43:56,Esben2,serial_recall,capacity_n6,17,visual,letters,6,4,middle,A,A,1.0,1,,3.0,0,
2026-09-18T14:43:56,Esben2,serial_recall,capacity_n6,17,visual,letters,6,5,end,I,I,1.0,1,,3.0,0,
2026-09-18T14:43:56,Esben2,serial_recall,capacity_n6,17,visual,letters,6,6,end,J,J,1.0,1,,3.0,0,
2026-09-18T14:44:20,Esben2,serial_recall,capacity_n6,18,visual,letters,6,1,start,P,P,1.0,1,,3.0,0,
2026-09-18T14:44:20,Esben2,serial_recall,capacity_n6,18,visual,letters,6,2,start,E,E,1.0,1,,3.0,0,
2026-09-18T14:44:20,Esben2,serial_recall,capacity_n6,18,visual,letters,6,3,middle,R,R,1.0,1,,3.0,0,
2026-09-18T14:44:20,Esben2,serial_recall,capacity_n6,18,visual,letters,6,4,middle,P,P,1.0,1,,3.0,0,
2026-09-18T14:44:20,Esben2,serial_recall,capacity_n6,18,visual,letters,6,5,end,H,H,1.0,1,,3.0,0,
2026-09-18T14:44:20,Esben2,serial_recall,capacity_n6,18,visual,letters,6,6,end,E,E,1.0,1,,3.0,0,
2026-09-18T14:50:16,Esben2,serial_recall,capacity_n7,19,visual,letters,7,1,start,B,B,1.0,1,,3.0,0,
2026-09-18T14:50:16,Esben2,serial_recall,capacity_n7,19,visual,letters,7,2,start,E,E,1.0,1,,3.0,0,
2026-09-18T14:50:16,Esben2,serial_recall,capacity_n7,19,visual,letters,7,3,start,J,J,1.0,1,,3.0,0,
2026-09-18T14:50:16,Esben2,serial_recall,capacity_n7,19,visual,letters,7,4,middle,I,I,1.0,1,,3.0,0,
2026-09-18T14:50:16,Esben2,serial_recall,capacity_n7,19,visual,letters,7,5,middle,H,H,1.0,1,,3.0,0,
2026-09-18T14:50:16,Esben2,serial_recall,capacity_n7,19,visual,letters,7,6,end,E,E,1.0,1,,3.0,0,
2026-09-18T14:50:16,Esben2,serial_recall,capacity_n7,19,visual,letters,7,7,end,A,A,1.0,1,,3.0,0,
2026-09-18T14:51:02,Esben2,serial_recall,capacity_n7,20,visual,letters,7,1,start,N,N,1.0,1,,3.0,0,
2026-09-18T14:51:02,Esben2,serial_recall,capacity_n7,20,visual,letters,7,2,start,Q,Q,1.0,1,,3.0,0,
2026-09-18T14:51:02,Esben2,serial_recall,capacity_n7,20,visual,letters,7,3,start,F,L,1.0,0,L,3.0,0,
2026-09-18T14:51:02,Esben2,serial_recall,capacity_n7,20,visual,letters,7,4,middle,J,F,1.0,0,F,3.0,0,
2026-09-18T14:51:02,Esben2,serial_recall,capacity_n7,20,visual,letters,7,5,middle,V,J,0.0,0,J,3.0,0,
2026-09-18T14:51:02,Esben2,serial_recall,capacity_n7,20,visual,letters,7,6,end,Q,Q,1.0,1,,3.0,0,
2026-09-18T14:51:02,Esben2,serial_recall,capacity_n7,20,visual,letters,7,7,end,B,B,1.0,1,,3.0,0,
2026-09-18T14:51:29,Esben2,serial_recall,capacity_n7,21,visual,letters,7,1,start,N,N,1.0,1,,3.0,0,
2026-09-18T14:51:29,Esben2,serial_recall,capacity_n7,21,visual,letters,7,2,start,Z,Z,1.0,1,,3.0,0,
2026-09-18T14:51:29,Esben2,serial_recall,capacity_n7,21,visual,letters,7,3,start,T,T,1.0,1,,3.0,0,
2026-09-18T14:51:29,Esben2,serial_recall,capacity_n7,21,visual,letters,7,4,middle,X,X,1.0,1,,3.0,0,
2026-09-18T14:51:29,Esben2,serial_recall,capacity_n7,21,visual,letters,7,5,middle,M,M,1.0,1,,3.0,0,
2026-09-18T14:51:29,Esben2,serial_recall,capacity_n7,21,visual,letters,7,6,end,A,A,1.0,1,,3.0,0,
2026-09-18T14:51:29,Esben2,serial_recall,capacity_n7,21,visual,letters,7,7,end,D,D,1.0,1,,3.0,0,
2026-09-18T14:51:56,Esben2,serial_recall,capacity_n7,22,visual,letters,7,1,start,W,W,1.0,1,,3.0,0,
2026-09-18T14:51:56,Esben2,serial_recall,capacity_n7,22,visual,letters,7,2,start,G,G,1.0,1,,3.0,0,
2026-09-18T14:51:56,Esben2,serial_recall,capacity_n7,22,visual,letters,7,3,start,O,O,1.0,1,,3.0,0,
2026-09-18T14:51:56,Esben2,serial_recall,capacity_n7,22,visual,letters,7,4,middle,X,X,1.0,1,,3.0,0,
2026-09-18T14:51:56,Esben2,serial_recall,capacity_n7,22,visual,letters,7,5,middle,L,L,1.0,1,,3.0,0,
2026-09-18T14:51:56,Esben2,serial_recall,capacity_n7,22,visual,letters,7,6,end,H,H,1.0,1,,3.0,0,
2026-09-18T14:51:56,Esben2,serial_recall,capacity_n7,22,visual,letters,7,7,end,O,O,1.0,1,,3.0,0,
2026-09-18T14:52:25,Esben2,serial_recall,capacity_n7,23,visual,letters,7,1,start,W,W,1.0,1,,3.0,0,
2026-09-18T14:52:25,Esben2,serial_recall,capacity_n7,23,visual,letters,7,2,start,W,W,1.0,1,,3.0,0,
2026-09-18T14:52:25,Esben2,serial_recall,capacity_n7,23,visual,letters,7,3,start,C,C,1.0,1,,3.0,0,
2026-09-18T14:52:25,Esben2,serial_recall,capacity_n7,23,visual,letters,7,4,middle,M,M,1.0,1,,3.0,0,
2026-09-18T14:52:25,Esben2,serial_recall,capacity_n7,23,visual,letters,7,5,middle,C,C,1.0,1,,3.0,0,
2026-09-18T14:52:25,Esben2,serial_recall,capacity_n7,23,visual,letters,7,6,end,G,G,1.0,1,,3.0,0,
2026-09-18T14:52:25,Esben2,serial_recall,capacity_n7,23,visual,letters,7,7,end,I,I,1.0,1,,3.0,0,
2026-09-18T14:53:07,Esben2,serial_recall,capacity_n7,24,visual,letters,7,1,start,H,H,1.0,1,,3.0,0,
2026-09-18T14:53:07,Esben2,serial_recall,capacity_n7,24,visual,letters,7,2,start,P,P,1.0,1,,3.0,0,
2026-09-18T14:53:07,Esben2,serial_recall,capacity_n7,24,visual,letters,7,3,start,Q,Q,1.0,1,,3.0,0,
2026-09-18T14:53:07,Esben2,serial_recall,capacity_n7,24,visual,letters,7,4,middle,D,D,1.0,1,,3.0,0,
2026-09-18T14:53:07,Esben2,serial_recall,capacity_n7,24,visual,letters,7,5,middle,S,S,1.0,1,,3.0,0,
2026-09-18T14:53:07,Esben2,serial_recall,capacity_n7,24,visual,letters,7,6,end,R,R,1.0,1,,3.0,0,
2026-09-18T14:53:07,Esben2,serial_recall,capacity_n7,24,visual,letters,7,7,end,G,G,1.0,1,,3.0,0,
2026-09-18T14:53:39,Esben2,serial_recall,capacity_n8,25,visual,letters,8,1,start,M,M,1.0,1,,3.0,0,
2026-09-18T14:53:39,Esben2,serial_recall,capacity_n8,25,visual,letters,8,2,start,O,O,1.0,1,,3.0,0,
2026-09-18T14:53:39,Esben2,serial_recall,capacity_n8,25,visual,letters,8,3,start,D,D,1.0,1,,3.0,0,
2026-09-18T14:53:39,Esben2,serial_recall,capacity_n8,25,visual,letters,8,4,middle,S,S,1.0,1,,3.0,0,
2026-09-18T14:53:39,Esben2,serial_recall,capacity_n8,25,visual,letters,8,5,middle,L,L,1.0,1,,3.0,0,
2026-09-18T14:53:39,Esben2,serial_recall,capacity_n8,25,visual,letters,8,6,middle,O,O,1.0,1,,3.0,0,
2026-09-18T14:53:39,Esben2,serial_recall,capacity_n8,25,visual,letters,8,7,end,B,B,1.0,1,,3.0,0,
2026-09-18T14:53:39,Esben2,serial_recall,capacity_n8,25,visual,letters,8,8,end,D,D,1.0,1,,3.0,0,
2026-09-18T14:54:46,Esben2,serial_recall,capacity_n8,26,visual,letters,8,1,start,A,A,1.0,1,,3.0,0,
2026-09-18T14:54:46,Esben2,serial_recall,capacity_n8,26,visual,letters,8,2,start,F,F,1.0,1,,3.0,0,
2026-09-18T14:54:46,Esben2,serial_recall,capacity_n8,26,visual,letters,8,3,start,Y,Y,1.0,1,,3.0,0,
2026-09-18T14:54:46,Esben2,serial_recall,capacity_n8,26,visual,letters,8,4,middle,E,E,1.0,1,,3.0,0,
2026-09-18T14:54:46,Esben2,serial_recall,capacity_n8,26,visual,letters,8,5,middle,L,I,0.0,0,I,3.0,0,
2026-09-18T14:54:46,Esben2,serial_recall,capacity_n8,26,visual,letters,8,6,middle,V,J,0.0,0,J,3.0,0,
2026-09-18T14:54:46,Esben2,serial_recall,capacity_n8,26,visual,letters,8,7,end,K,K,1.0,1,,3.0,0,
2026-09-18T14:54:46,Esben2,serial_recall,capacity_n8,26,visual,letters,8,8,end,F,F,1.0,1,,3.0,0,
2026-09-18T14:55:18,Esben2,serial_recall,capacity_n8,27,visual,letters,8,1,start,H,H,1.0,1,,3.0,0,
2026-09-18T14:55:18,Esben2,serial_recall,capacity_n8,27,visual,letters,8,2,start,L,L,1.0,1,,3.0,0,
2026-09-18T14:55:18,Esben2,serial_recall,capacity_n8,27,visual,letters,8,3,start,S,S,1.0,1,,3.0,0,
2026-09-18T14:55:18,Esben2,serial_recall,capacity_n8,27,visual,letters,8,4,middle,D,D,1.0,1,,3.0,0,
2026-09-18T14:55:18,Esben2,serial_recall,capacity_n8,27,visual,letters,8,5,middle,W,W,1.0,1,,3.0,0,
2026-09-18T14:55:18,Esben2,serial_recall,capacity_n8,27,visual,letters,8,6,middle,P,P,1.0,1,,3.0,0,
2026-09-18T14:55:18,Esben2,serial_recall,capacity_n8,27,visual,letters,8,7,end,I,I,1.0,1,,3.0,0,
2026-09-18T14:55:18,Esben2,serial_recall,capacity_n8,27,visual,letters,8,8,end,D,D,1.0,1,,3.0,0,
2026-09-18T14:55:50,Esben2,serial_recall,capacity_n8,28,visual,letters,8,1,start,Y,Y,1.0,1,,3.0,0,
2026-09-18T14:55:50,Esben2,serial_recall,capacity_n8,28,visual,letters,8,2,start,U,U,1.0,1,,3.0,0,
2026-09-18T14:55:50,Esben2,serial_recall,capacity_n8,28,visual,letters,8,3,start,H,H,1.0,1,,3.0,0,
2026-09-18T14:55:50,Esben2,serial_recall,capacity_n8,28,visual,letters,8,4,middle,I,I,1.0,1,,3.0,0,
2026-09-18T14:55:50,Esben2,serial_recall,capacity_n8,28,visual,letters,8,5,middle,G,G,1.0,1,,3.0,0,
2026-09-18T14:55:50,Esben2,serial_recall,capacity_n8,28,visual,letters,8,6,middle,M,M,1.0,1,,3.0,0,
2026-09-18T14:55:50,Esben2,serial_recall,capacity_n8,28,visual,letters,8,7,end,B,B,1.0,1,,3.0,0,
2026-09-18T14:55:50,Esben2,serial_recall,capacity_n8,28,visual,letters,8,8,end,M,M,1.0,1,,3.0,0,
2026-09-18T15:04:40,Esben2,serial_recall,capacity_n8,29,visual,letters,8,1,start,E,E,1.0,1,,3.0,0,
2026-09-18T15:04:40,Esben2,serial_recall,capacity_n8,29,visual,letters,8,2,start,A,A,1.0,1,,3.0,0,
2026-09-18T15:04:40,Esben2,serial_recall,capacity_n8,29,visual,letters,8,3,start,B,B,1.0,1,,3.0,0,
2026-09-18T15:04:40,Esben2,serial_recall,capacity_n8,29,visual,letters,8,4,middle,H,H,1.0,1,,3.0,0,
2026-09-18T15:04:40,Esben2,serial_recall,capacity_n8,29,visual,letters,8,5,middle,R,R,1.0,1,,3.0,0,
2026-09-18T15:04:40,Esben2,serial_recall,capacity_n8,29,visual,letters,8,6,middle,N,N,1.0,1,,3.0,0,
2026-09-18T15:04:40,Esben2,serial_recall,capacity_n8,29,visual,letters,8,7,end,L,L,1.0,1,,3.0,0,
2026-09-18T15:04:40,Esben2,serial_recall,capacity_n8,29,visual,letters,8,8,end,X,X,1.0,1,,3.0,0,
2026-09-18T15:05:13,Esben2,serial_recall,capacity_n8,30,visual,letters,8,1,start,M,M,1.0,1,,3.0,0,
2026-09-18T15:05:13,Esben2,serial_recall,capacity_n8,30,visual,letters,8,2,start,K,K,1.0,1,,3.0,0,
2026-09-18T15:05:13,Esben2,serial_recall,capacity_n8,30,visual,letters,8,3,start,U,U,1.0,1,,3.0,0,
2026-09-18T15:05:13,Esben2,serial_recall,capacity_n8,30,visual,letters,8,4,middle,X,X,1.0,1,,3.0,0,
2026-09-18T15:05:13,Esben2,serial_recall,capacity_n8,30,visual,letters,8,5,middle,H,H,1.0,1,,3.0,0,
2026-09-18T15:05:13,Esben2,serial_recall,capacity_n8,30,visual,letters,8,6,middle,F,F,1.0,1,,3.0,0,
2026-09-18T15:05:13,Esben2,serial_recall,capacity_n8,30,visual,letters,8,7,end,F,F,1.0,1,,3.0,0,
2026-09-18T15:05:13,Esben2,serial_recall,capacity_n8,30,visual,letters,8,8,end,M,M,1.0,1,,3.0,0,
2026-09-18T15:05:47,Esben2,serial_recall,capacity_n9,31,visual,letters,9,1,start,M,M,1.0,1,,3.0,0,
2026-09-18T15:05:47,Esben2,serial_recall,capacity_n9,31,visual,letters,9,2,start,U,U,1.0,1,,3.0,0,
2026-09-18T15:05:47,Esben2,serial_recall,capacity_n9,31,visual,letters,9,3,start,F,F,1.0,1,,3.0,0,
2026-09-18T15:05:47,Esben2,serial_recall,capacity_n9,31,visual,letters,9,4,middle,J,J,1.0,1,,3.0,0,
2026-09-18T15:05:47,Esben2,serial_recall,capacity_n9,31,visual,letters,9,5,middle,R,R,1.0,1,,3.0,0,
2026-09-18T15:05:47,Esben2,serial_recall,capacity_n9,31,visual,letters,9,6,middle,Y,Y,1.0,1,,3.0,0,
2026-09-18T15:05:47,Esben2,serial_recall,capacity_n9,31,visual,letters,9,7,end,D,D,1.0,1,,3.0,0,
2026-09-18T15:05:47,Esben2,serial_recall,capacity_n9,31,visual,letters,9,8,end,H,H,1.0,1,,3.0,0,
2026-09-18T15:05:47,Esben2,serial_recall,capacity_n9,31,visual,letters,9,9,end,G,G,1.0,1,,3.0,0,
2026-09-18T15:06:25,Esben2,serial_recall,capacity_n9,32,visual,letters,9,1,start,X,X,1.0,1,,3.0,0,
2026-09-18T15:06:25,Esben2,serial_recall,capacity_n9,32,visual,letters,9,2,start,B,B,1.0,1,,3.0,0,
2026-09-18T15:06:25,Esben2,serial_recall,capacity_n9,32,visual,letters,9,3,start,X,X,1.0,1,,3.0,0,
2026-09-18T15:06:25,Esben2,serial_recall,capacity_n9,32,visual,letters,9,4,middle,Y,Y,1.0,1,,3.0,0,
2026-09-18T15:06:25,Esben2,serial_recall,capacity_n9,32,visual,letters,9,5,middle,J,J,1.0,1,,3.0,0,
2026-09-18T15:06:25,Esben2,serial_recall,capacity_n9,32,visual,letters,9,6,middle,K,K,1.0,1,,3.0,0,
2026-09-18T15:06:25,Esben2,serial_recall,capacity_n9,32,visual,letters,9,7,end,Q,Q,1.0,1,,3.0,0,
2026-09-18T15:06:25,Esben2,serial_recall,capacity_n9,32,visual,letters,9,8,end,Y,Y,1.0,1,,3.0,0,
2026-09-18T15:06:25,Esben2,serial_recall,capacity_n9,32,visual,letters,9,9,end,X,X,1.0,1,,3.0,0,
2026-09-18T15:07:04,Esben2,serial_recall,capacity_n9,33,visual,letters,9,1,start,V,V,1.0,1,,3.0,0,
2026-09-18T15:07:04,Esben2,serial_recall,capacity_n9,33,visual,letters,9,2,start,L,L,1.0,1,,3.0,0,
2026-09-18T15:07:04,Esben2,serial_recall,capacity_n9,33,visual,letters,9,3,start,G,G,1.0,1,,3.0,0,
2026-09-18T15:07:04,Esben2,serial_recall,capacity_n9,33,visual,letters,9,4,middle,L,L,1.0,1,,3.0,0,
2026-09-18T15:07:04,Esben2,serial_recall,capacity_n9,33,visual,letters,9,5,middle,R,V,1.0,0,V,3.0,0,
2026-09-18T15:07:04,Esben2,serial_recall,capacity_n9,33,visual,letters,9,6,middle,V,R,1.0,0,R,3.0,0,
2026-09-18T15:07:04,Esben2,serial_recall,capacity_n9,33,visual,letters,9,7,end,C,K,1.0,0,K,3.0,0,
2026-09-18T15:07:04,Esben2,serial_recall,capacity_n9,33,visual,letters,9,8,end,K,C,1.0,0,C,3.0,0,
2026-09-18T15:07:04,Esben2,serial_recall,capacity_n9,33,visual,letters,9,9,end,W,W,1.0,1,,3.0,0,
2026-09-18T15:07:47,Esben2,serial_recall,capacity_n9,34,visual,letters,9,1,start,R,R,1.0,1,,3.0,0,
2026-09-18T15:07:47,Esben2,serial_recall,capacity_n9,34,visual,letters,9,2,start,B,B,1.0,1,,3.0,0,
2026-09-18T15:07:47,Esben2,serial_recall,capacity_n9,34,visual,letters,9,3,start,D,D,1.0,1,,3.0,0,
2026-09-18T15:07:47,Esben2,serial_recall,capacity_n9,34,visual,letters,9,4,middle,P,P,1.0,1,,3.0,0,
2026-09-18T15:07:47,Esben2,serial_recall,capacity_n9,34,visual,letters,9,5,middle,W,W,1.0,1,,3.0,0,
2026-09-18T15:07:47,Esben2,serial_recall,capacity_n9,34,visual,letters,9,6,middle,G,G,1.0,1,,3.0,0,
2026-09-18T15:07:47,Esben2,serial_recall,capacity_n9,34,visual,letters,9,7,end,H,H,1.0,1,,3.0,0,
2026-09-18T15:07:47,Esben2,serial_recall,capacity_n9,34,visual,letters,9,8,end,O,O,1.0,1,,3.0,0,
2026-09-18T15:07:47,Esben2,serial_recall,capacity_n9,34,visual,letters,9,9,end,Y,Y,1.0,1,,3.0,0,
2026-09-18T15:08:23,Esben2,serial_recall,capacity_n9,35,visual,letters,9,1,start,N,N,1.0,1,,3.0,0,
2026-09-18T15:08:23,Esben2,serial_recall,capacity_n9,35,visual,letters,9,2,start,W,W,1.0,1,,3.0,0,
2026-09-18T15:08:23,Esben2,serial_recall,capacity_n9,35,visual,letters,9,3,start,Q,Q,1.0,1,,3.0,0,
2026-09-18T15:08:23,Esben2,serial_recall,capacity_n9,35,visual,letters,9,4,middle,V,V,1.0,1,,3.0,0,
2026-09-18T15:08:23,Esben2,serial_recall,capacity_n9,35,visual,letters,9,5,middle,G,G,1.0,1,,3.0,0,
2026-09-18T15:08:23,Esben2,serial_recall,capacity_n9,35,visual,letters,9,6,middle,C,C,1.0,1,,3.0,0,
2026-09-18T15:08:23,Esben2,serial_recall,capacity_n9,35,visual,letters,9,7,end,N,N,1.0,1,,3.0,0,
2026-09-18T15:08:23,Esben2,serial_recall,capacity_n9,35,visual,letters,9,8,end,S,S,1.0,1,,3.0,0,
2026-09-18T15:08:23,Esben2,serial_recall,capacity_n9,35,visual,letters,9,9,end,J,J,1.0,1,,3.0,0,
2026-09-18T15:20:51,Esben2,serial_recall,capacity_n9,36,visual,letters,9,1,start,A,A,1.0,1,,3.0,0,
2026-09-18T15:20:51,Esben2,serial_recall,capacity_n9,36,visual,letters,9,2,start,G,G,1.0,1,,3.0,0,
2026-09-18T15:20:51,Esben2,serial_recall,capacity_n9,36,visual,letters,9,3,start,T,T,1.0,1,,3.0,0,
2026-09-18T15:20:51,Esben2,serial_recall,capacity_n9,36,visual,letters,9,4,middle,U,U,1.0,1,,3.0,0,
2026-09-18T15:20:51,Esben2,serial_recall,capacity_n9,36,visual,letters,9,5,middle,S,S,1.0,1,,3.0,0,
2026-09-18T15:20:51,Esben2,serial_recall,capacity_n9,36,visual,letters,9,6,middle,Q,Q,1.0,1,,3.0,0,
2026-09-18T15:20:51,Esben2,serial_recall,capacity_n9,36,visual,letters,9,7,end,U,U,1.0,1,,3.0,0,
2026-09-18T15:20:51,Esben2,serial_recall,capacity_n9,36,visual,letters,9,8,end,X,X,1.0,1,,3.0,0,
2026-09-18T15:20:51,Esben2,serial_recall,capacity_n9,36,visual,letters,9,9,end,Z,Z,1.0,1,,3.0,0,
2026-09-18T15:21:46,Esben2,serial_recall,capacity_n10,37,visual,letters,10,1,start,T,T,1.0,1,,3.0,0,
2026-09-18T15:21:46,Esben2,serial_recall,capacity_n10,37,visual,letters,10,2,start,J,J,1.0,1,,3.0,0,
2026-09-18T15:21:46,Esben2,serial_recall,capacity_n10,37,visual,letters,10,3,start,G,Y,0.0,0,Y,3.0,0,
2026-09-18T15:21:46,Esben2,serial_recall,capacity_n10,37,visual,letters,10,4,start,Y,Y,1.0,1,,3.0,0,
2026-09-18T15:21:46,Esben2,serial_recall,capacity_n10,37,visual,letters,10,5,middle,Y,U,1.0,0,U,3.0,0,
2026-09-18T15:21:46,Esben2,serial_recall,capacity_n10,37,visual,letters,10,6,middle,U,Y,1.0,0,Y,3.0,0,
2026-09-18T15:21:46,Esben2,serial_recall,capacity_n10,37,visual,letters,10,7,middle,Y,E,1.0,0,E,3.0,0,
2026-09-18T15:21:46,Esben2,serial_recall,capacity_n10,37,visual,letters,10,8,end,W,W,1.0,1,,3.0,0,
2026-09-18T15:21:46,Esben2,serial_recall,capacity_n10,37,visual,letters,10,9,end,E,E,1.0,1,,3.0,0,
2026-09-18T15:21:46,Esben2,serial_recall,capacity_n10,37,visual,letters,10,10,end,S,S,1.0,1,,3.0,0,
2026-09-18T15:22:28,Esben2,serial_recall,capacity_n10,38,visual,letters,10,1,start,Y,Y,1.0,1,,3.0,0,
2026-09-18T15:22:28,Esben2,serial_recall,capacity_n10,38,visual,letters,10,2,start,L,L,1.0,1,,3.0,0,
2026-09-18T15:22:28,Esben2,serial_recall,capacity_n10,38,visual,letters,10,3,start,F,F,1.0,1,,3.0,0,
2026-09-18T15:22:28,Esben2,serial_recall,capacity_n10,38,visual,letters,10,4,start,J,J,1.0,1,,3.0,0,
2026-09-18T15:22:28,Esben2,serial_recall,capacity_n10,38,visual,letters,10,5,middle,R,R,1.0,1,,3.0,0,
2026-09-18T15:22:28,Esben2,serial_recall,capacity_n10,38,visual,letters,10,6,middle,E,E,1.0,1,,3.0,0,
2026-09-18T15:22:28,Esben2,serial_recall,capacity_n10,38,visual,letters,10,7,middle,Q,Q,1.0,1,,3.0,0,
2026-09-18T15:22:28,Esben2,serial_recall,capacity_n10,38,visual,letters,10,8,end,S,S,1.0,1,,3.0,0,
2026-09-18T15:22:28,Esben2,serial_recall,capacity_n10,38,visual,letters,10,9,end,P,P,1.0,1,,3.0,0,
2026-09-18T15:22:28,Esben2,serial_recall,capacity_n10,38,visual,letters,10,10,end,E,E,1.0,1,,3.0,0,
2026-09-18T15:23:08,Esben2,serial_recall,capacity_n10,39,visual,letters,10,1,start,J,J,1.0,1,,3.0,0,
2026-09-18T15:23:08,Esben2,serial_recall,capacity_n10,39,visual,letters,10,2,start,Z,Z,1.0,1,,3.0,0,
2026-09-18T15:23:08,Esben2,serial_recall,capacity_n10,39,visual,letters,10,3,start,E,E,1.0,1,,3.0,0,
2026-09-18T15:23:08,Esben2,serial_recall,capacity_n10,39,visual,letters,10,4,start,B,B,1.0,1,,3.0,0,
2026-09-18T15:23:08,Esben2,serial_recall,capacity_n10,39,visual,letters,10,5,middle,O,O,1.0,1,,3.0,0,
2026-09-18T15:23:08,Esben2,serial_recall,capacity_n10,39,visual,letters,10,6,middle,H,H,1.0,1,,3.0,0,
2026-09-18T15:23:08,Esben2,serial_recall,capacity_n10,39,visual,letters,10,7,middle,C,C,1.0,1,,3.0,0,
2026-09-18T15:23:08,Esben2,serial_recall,capacity_n10,39,visual,letters,10,8,end,E,E,1.0,1,,3.0,0,
2026-09-18T15:23:08,Esben2,serial_recall,capacity_n10,39,visual,letters,10,9,end,V,V,1.0,1,,3.0,0,
2026-09-18T15:23:08,Esben2,serial_recall,capacity_n10,39,visual,letters,10,10,end,Z,Z,1.0,1,,3.0,0,
2026-09-18T15:26:37,Esben2,serial_recall,capacity_n10,40,visual,letters,10,1,start,T,T,1.0,1,,3.0,0,
2026-09-18T15:26:37,Esben2,serial_recall,capacity_n10,40,visual,letters,10,2,start,S,X,0.5,0,X,3.0,0,
2026-09-18T15:26:37,Esben2,serial_recall,capacity_n10,40,visual,letters,10,3,start,X,N,1.0,0,N,3.0,0,
2026-09-18T15:26:37,Esben2,serial_recall,capacity_n10,40,visual,letters,10,4,start,V,W,0.0,0,W,3.0,0,
2026-09-18T15:26:37,Esben2,serial_recall,capacity_n10,40,visual,letters,10,5,middle,N,P,1.0,0,P,3.0,0,
2026-09-18T15:26:37,Esben2,serial_recall,capacity_n10,40,visual,letters,10,6,middle,S,I,0.5,0,I,3.0,0,
2026-09-18T15:26:37,Esben2,serial_recall,capacity_n10,40,visual,letters,10,7,middle,W,W,1.0,1,,3.0,0,
2026-09-18T15:26:37,Esben2,serial_recall,capacity_n10,40,visual,letters,10,8,end,P,A,1.0,0,A,3.0,0,
2026-09-18T15:26:37,Esben2,serial_recall,capacity_n10,40,visual,letters,10,9,end,I,S,1.0,0,S,3.0,0,
2026-09-18T15:26:37,Esben2,serial_recall,capacity_n10,40,visual,letters,10,10,end,W,F,1.0,0,F,3.0,0,
2026-09-18T15:27:15,Esben2,serial_recall,capacity_n10,41,visual,letters,10,1,start,O,O,1.0,1,,3.0,0,
2026-09-18T15:27:15,Esben2,serial_recall,capacity_n10,41,visual,letters,10,2,start,H,H,1.0,1,,3.0,0,
2026-09-18T15:27:15,Esben2,serial_recall,capacity_n10,41,visual,letters,10,3,start,B,B,1.0,1,,3.0,0,
2026-09-18T15:27:15,Esben2,serial_recall,capacity_n10,41,visual,letters,10,4,start,A,A,1.0,1,,3.0,0,
2026-09-18T15:27:15,Esben2,serial_recall,capacity_n10,41,visual,letters,10,5,middle,F,F,1.0,1,,3.0,0,
2026-09-18T15:27:15,Esben2,serial_recall,capacity_n10,41,visual,letters,10,6,middle,X,X,1.0,1,,3.0,0,
2026-09-18T15:27:15,Esben2,serial_recall,capacity_n10,41,visual,letters,10,7,middle,E,E,1.0,1,,3.0,0,
2026-09-18T15:27:15,Esben2,serial_recall,capacity_n10,41,visual,letters,10,8,end,G,G,1.0,1,,3.0,0,
2026-09-18T15:27:15,Esben2,serial_recall,capacity_n10,41,visual,letters,10,9,end,O,O,1.0,1,,3.0,0,
2026-09-18T15:27:15,Esben2,serial_recall,capacity_n10,41,visual,letters,10,10,end,J,J,1.0,1,,3.0,0,
2026-09-18T15:28:14,Esben2,serial_recall,capacity_n10,42,visual,letters,10,1,start,Q,Q,1.0,1,,3.0,0,
2026-09-18T15:28:14,Esben2,serial_recall,capacity_n10,42,visual,letters,10,2,start,S,S,1.0,1,,3.0,0,
2026-09-18T15:28:14,Esben2,serial_recall,capacity_n10,42,visual,letters,10,3,start,G,G,1.0,1,,3.0,0,
2026-09-18T15:28:14,Esben2,serial_recall,capacity_n10,42,visual,letters,10,4,start,E,E,1.0,1,,3.0,0,
2026-09-18T15:28:14,Esben2,serial_recall,capacity_n10,42,visual,letters,10,5,middle,W,W,1.0,1,,3.0,0,
2026-09-18T15:28:14,Esben2,serial_recall,capacity_n10,42,visual,letters,10,6,middle,K,K,1.0,1,,3.0,0,
2026-09-18T15:28:14,Esben2,serial_recall,capacity_n10,42,visual,letters,10,7,middle,Q,Q,1.0,1,,3.0,0,
2026-09-18T15:28:14,Esben2,serial_recall,capacity_n10,42,visual,letters,10,8,end,P,P,1.0,1,,3.0,0,
2026-09-18T15:28:14,Esben2,serial_recall,capacity_n10,42,visual,letters,10,9,end,O,O,1.0,1,,3.0,0,
2026-09-18T15:28:14,Esben2,serial_recall,capacity_n10,42,visual,letters,10,10,end,P,P,1.0,1,,3.0,0,
2026-09-18T15:28:52,Esben2,serial_recall,capacity_n10,43,visual,letters,10,1,start,M,M,1.0,1,,3.0,0,
2026-09-18T15:28:52,Esben2,serial_recall,capacity_n10,43,visual,letters,10,2,start,I,I,1.0,1,,3.0,0,
2026-09-18T15:28:52,Esben2,serial_recall,capacity_n10,43,visual,letters,10,3,start,E,E,1.0,1,,3.0,0,
2026-09-18T15:28:52,Esben2,serial_recall,capacity_n10,43,visual,letters,10,4,start,F,F,1.0,1,,3.0,0,
2026-09-18T15:28:52,Esben2,serial_recall,capacity_n10,43,visual,letters,10,5,middle,E,E,1.0,1,,3.0,0,
2026-09-18T15:28:52,Esben2,serial_recall,capacity_n10,43,visual,letters,10,6,middle,R,R,1.0,1,,3.0,0,
2026-09-18T15:28:52,Esben2,serial_recall,capacity_n10,43,visual,letters,10,7,middle,T,T,1.0,1,,3.0,0,
2026-09-18T15:28:52,Esben2,serial_recall,capacity_n10,43,visual,letters,10,8,end,U,U,1.0,1,,3.0,0,
2026-09-18T15:28:52,Esben2,serial_recall,capacity_n10,43,visual,letters,10,9,end,M,M,1.0,1,,3.0,0,
2026-09-18T15:28:52,Esben2,serial_recall,capacity_n10,43,visual,letters,10,10,end,K,K,1.0,1,,3.0,0,
2026-09-18T15:30:19,Esben2,serial_recall,capacity_n10,44,visual,letters,10,1,start,A,A,1.0,1,,3.0,0,
2026-09-18T15:30:19,Esben2,serial_recall,capacity_n10,44,visual,letters,10,2,start,W,W,1.0,1,,3.0,0,
2026-09-18T15:30:19,Esben2,serial_recall,capacity_n10,44,visual,letters,10,3,start,Q,Q,1.0,1,,3.0,0,
2026-09-18T15:30:19,Esben2,serial_recall,capacity_n10,44,visual,letters,10,4,start,P,B,0.0,0,B,3.0,0,
2026-09-18T15:30:19,Esben2,serial_recall,capacity_n10,44,visual,letters,10,5,middle,B,E,1.0,0,E,3.0,0,
2026-09-18T15:30:19,Esben2,serial_recall,capacity_n10,44,visual,letters,10,6,middle,W,W,1.0,1,,3.0,0,
2026-09-18T15:30:19,Esben2,serial_recall,capacity_n10,44,visual,letters,10,7,middle,G,G,1.0,1,,3.0,0,
2026-09-18T15:30:19,Esben2,serial_recall,capacity_n10,44,visual,letters,10,8,end,W,W,1.0,1,,3.0,0,
2026-09-18T15:30:19,Esben2,serial_recall,capacity_n10,44,visual,letters,10,9,end,K,K,1.0,1,,3.0,0,
2026-09-18T15:30:19,Esben2,serial_recall,capacity_n10,44,visual,letters,10,10,end,H,H,1.0,1,,3.0,0,
2026-09-18T15:31:32,Esben2,serial_recall,capacity_n11,45,visual,letters,11,1,start,T,Q,0.5,0,Q,3.0,0,
2026-09-18T15:31:32,Esben2,serial_recall,capacity_n11,45,visual,letters,11,2,start,L,W,0.0,0,W,3.0,0,
2026-09-18T15:31:32,Esben2,serial_recall,capacity_n11,45,visual,letters,11,3,start,Z,E,0.0,0,E,3.0,0,
2026-09-18T15:31:32,Esben2,serial_recall,capacity_n11,45,visual,letters,11,4,start,S,R,0.0,0,R,3.0,0,
2026-09-18T15:31:32,Esben2,serial_recall,capacity_n11,45,visual,letters,11,5,middle,T,T,0.5,1,,3.0,0,
2026-09-18T15:31:32,Esben2,serial_recall,capacity_n11,45,visual,letters,11,6,middle,D,Y,0.0,0,Y,3.0,0,
2026-09-18T15:31:32,Esben2,serial_recall,capacity_n11,45,visual,letters,11,7,middle,K,U,0.0,0,U,3.0,0,
2026-09-18T15:31:32,Esben2,serial_recall,capacity_n11,45,visual,letters,11,8,middle,M,I,0.0,0,I,3.0,0,
2026-09-18T15:31:32,Esben2,serial_recall,capacity_n11,45,visual,letters,11,9,end,I,O,1.0,0,O,3.0,0,
2026-09-18T15:31:32,Esben2,serial_recall,capacity_n11,45,visual,letters,11,10,end,H,P,0.0,0,P,3.0,0,
2026-09-18T15:31:32,Esben2,serial_recall,capacity_n11,45,visual,letters,11,11,end,B,A,0.0,0,A,3.0,0,
2026-09-18T15:32:17,Esben2,serial_recall,capacity_n11,46,visual,letters,11,1,start,B,B,1.0,1,,3.0,0,
2026-09-18T15:32:17,Esben2,serial_recall,capacity_n11,46,visual,letters,11,2,start,C,C,1.0,1,,3.0,0,
2026-09-18T15:32:17,Esben2,serial_recall,capacity_n11,46,visual,letters,11,3,start,E,E,1.0,1,,3.0,0,
2026-09-18T15:32:17,Esben2,serial_recall,capacity_n11,46,visual,letters,11,4,start,G,G,1.0,1,,3.0,0,
2026-09-18T15:32:17,Esben2,serial_recall,capacity_n11,46,visual,letters,11,5,middle,P,P,1.0,1,,3.0,0,
2026-09-18T15:32:17,Esben2,serial_recall,capacity_n11,46,visual,letters,11,6,middle,O,O,1.0,1,,3.0,0,
2026-09-18T15:32:17,Esben2,serial_recall,capacity_n11,46,visual,letters,11,7,middle,E,E,1.0,1,,3.0,0,
2026-09-18T15:32:17,Esben2,serial_recall,capacity_n11,46,visual,letters,11,8,middle,U,U,1.0,1,,3.0,0,
2026-09-18T15:32:17,Esben2,serial_recall,capacity_n11,46,visual,letters,11,9,end,C,C,1.0,1,,3.0,0,
2026-09-18T15:32:17,Esben2,serial_recall,capacity_n11,46,visual,letters,11,10,end,S,S,1.0,1,,3.0,0,
2026-09-18T15:32:17,Esben2,serial_recall,capacity_n11,46,visual,letters,11,11,end,X,Z,0.0,0,Z,3.0,0,
2026-09-18T15:38:12,Esben2,serial_recall,capacity_n11,47,visual,letters,11,1,start,X,X,1.0,1,,3.0,0,
2026-09-18T15:38:12,Esben2,serial_recall,capacity_n11,47,visual,letters,11,2,start,U,U,1.0,1,,3.0,0,
2026-09-18T15:38:12,Esben2,serial_recall,capacity_n11,47,visual,letters,11,3,start,X,X,1.0,1,,3.0,0,
2026-09-18T15:38:12,Esben2,serial_recall,capacity_n11,47,visual,letters,11,4,start,H,H,1.0,1,,3.0,0,
2026-09-18T15:38:12,Esben2,serial_recall,capacity_n11,47,visual,letters,11,5,middle,U,U,1.0,1,,3.0,0,
2026-09-18T15:38:12,Esben2,serial_recall,capacity_n11,47,visual,letters,11,6,middle,S,S,1.0,1,,3.0,0,
2026-09-18T15:38:12,Esben2,serial_recall,capacity_n11,47,visual,letters,11,7,middle,O,O,1.0,1,,3.0,0,
2026-09-18T15:38:12,Esben2,serial_recall,capacity_n11,47,visual,letters,11,8,middle,O,O,1.0,1,,3.0,0,
2026-09-18T15:38:12,Esben2,serial_recall,capacity_n11,47,visual,letters,11,9,end,U,U,1.0,1,,3.0,0,
2026-09-18T15:38:12,Esben2,serial_recall,capacity_n11,47,visual,letters,11,10,end,R,R,1.0,1,,3.0,0,
2026-09-18T15:38:12,Esben2,serial_recall,capacity_n11,47,visual,letters,11,11,end,C,C,1.0,1,,3.0,0,
2026-09-18T15:39:19,Esben2,serial_recall,capacity_n11,48,visual,letters,11,1,start,R,R,1.0,1,,3.0,0,
2026-09-18T15:39:19,Esben2,serial_recall,capacity_n11,48,visual,letters,11,2,start,K,K,1.0,1,,3.0,0,
2026-09-18T15:39:19,Esben2,serial_recall,capacity_n11,48,visual,letters,11,3,start,O,O,1.0,1,,3.0,0,
2026-09-18T15:39:19,Esben2,serial_recall,capacity_n11,48,visual,letters,11,4,start,E,E,1.0,1,,3.0,0,
2026-09-18T15:39:19,Esben2,serial_recall,capacity_n11,48,visual,letters,11,5,middle,X,X,1.0,1,,3.0,0,
2026-09-18T15:39:19,Esben2,serial_recall,capacity_n11,48,visual,letters,11,6,middle,D,D,1.0,1,,3.0,0,
2026-09-18T15:39:19,Esben2,serial_recall,capacity_n11,48,visual,letters,11,7,middle,W,W,1.0,1,,3.0,0,
2026-09-18T15:39:19,Esben2,serial_recall,capacity_n11,48,visual,letters,11,8,middle,U,D,0.5,0,D,3.0,0,
2026-09-18T15:39:19,Esben2,serial_recall,capacity_n11,48,visual,letters,11,9,end,V,V,1.0,1,,3.0,0,
2026-09-18T15:39:19,Esben2,serial_recall,capacity_n11,48,visual,letters,11,10,end,H,H,1.0,1,,3.0,0,
2026-09-18T15:39:19,Esben2,serial_recall,capacity_n11,48,visual,letters,11,11,end,U,U,0.5,1,,3.0,0,
2026-09-18T15:40:06,Esben2,serial_recall,capacity_n11,49,visual,letters,11,1,start,R,R,1.0,1,,3.0,0,
2026-09-18T15:40:06,Esben2,serial_recall,capacity_n11,49,visual,letters,11,2,start,X,X,1.0,1,,3.0,0,
2026-09-18T15:40:06,Esben2,serial_recall,capacity_n11,49,visual,letters,11,3,start,O,O,1.0,1,,3.0,0,
2026-09-18T15:40:06,Esben2,serial_recall,capacity_n11,49,visual,letters,11,4,start,X,X,1.0,1,,3.0,0,
2026-09-18T15:40:06,Esben2,serial_recall,capacity_n11,49,visual,letters,11,5,middle,I,I,1.0,1,,3.0,0,
2026-09-18T15:40:06,Esben2,serial_recall,capacity_n11,49,visual,letters,11,6,middle,I,I,1.0,1,,3.0,0,
2026-09-18T15:40:06,Esben2,serial_recall,capacity_n11,49,visual,letters,11,7,middle,R,R,1.0,1,,3.0,0,
2026-09-18T15:40:06,Esben2,serial_recall,capacity_n11,49,visual,letters,11,8,middle,Q,Q,1.0,1,,3.0,0,
2026-09-18T15:40:06,Esben2,serial_recall,capacity_n11,49,visual,letters,11,9,end,C,C,1.0,1,,3.0,0,
2026-09-18T15:40:06,Esben2,serial_recall,capacity_n11,49,visual,letters,11,10,end,C,C,1.0,1,,3.0,0,
2026-09-18T15:40:06,Esben2,serial_recall,capacity_n11,49,visual,letters,11,11,end,C,C,1.0,1,,3.0,0,
2026-09-18T15:40:55,Esben2,serial_recall,capacity_n11,50,visual,letters,11,1,start,J,Q,0.0,0,Q,3.0,0,
2026-09-18T15:40:55,Esben2,serial_recall,capacity_n11,50,visual,letters,11,2,start,L,W,0.0,0,W,3.0,0,
2026-09-18T15:40:55,Esben2,serial_recall,capacity_n11,50,visual,letters,11,3,start,K,E,0.0,0,E,3.0,0,
2026-09-18T15:40:55,Esben2,serial_recall,capacity_n11,50,visual,letters,11,4,start,Q,A,1.0,0,A,3.0,0,
2026-09-18T15:40:55,Esben2,serial_recall,capacity_n11,50,visual,letters,11,5,middle,E,S,1.0,0,S,3.0,0,
2026-09-18T15:40:55,Esben2,serial_recall,capacity_n11,50,visual,letters,11,6,middle,O,D,0.0,0,D,3.0,0,
2026-09-18T15:40:55,Esben2,serial_recall,capacity_n11,50,visual,letters,11,7,middle,E,Q,1.0,0,Q,3.0,0,
2026-09-18T15:40:55,Esben2,serial_recall,capacity_n11,50,visual,letters,11,8,middle,P,W,0.0,0,W,3.0,0,
2026-09-18T15:40:55,Esben2,serial_recall,capacity_n11,50,visual,letters,11,9,end,N,E,0.0,0,E,3.0,0,
2026-09-18T15:40:55,Esben2,serial_recall,capacity_n11,50,visual,letters,11,10,end,F,S,0.0,0,S,3.0,0,
2026-09-18T15:40:55,Esben2,serial_recall,capacity_n11,50,visual,letters,11,11,end,V,D,0.0,0,D,3.0,0,
2026-09-18T15:41:37,Esben2,serial_recall,capacity_n11,51,visual,letters,11,1,start,O,O,1.0,1,,3.0,0,
2026-09-18T15:41:37,Esben2,serial_recall,capacity_n11,51,visual,letters,11,2,start,I,I,1.0,1,,3.0,0,
2026-09-18T15:41:37,Esben2,serial_recall,capacity_n11,51,visual,letters,11,3,start,K,K,1.0,1,,3.0,0,
2026-09-18T15:41:37,Esben2,serial_recall,capacity_n11,51,visual,letters,11,4,start,W,W,1.0,1,,3.0,0,
2026-09-18T15:41:37,Esben2,serial_recall,capacity_n11,51,visual,letters,11,5,middle,E,I,0.0,0,I,3.0,0,
2026-09-18T15:41:37,Esben2,serial_recall,capacity_n11,51,visual,letters,11,6,middle,R,R,1.0,1,,3.0,0,
2026-09-18T15:41:37,Esben2,serial_recall,capacity_n11,51,visual,letters,11,7,middle,J,J,1.0,1,,3.0,0,
2026-09-18T15:41:37,Esben2,serial_recall,capacity_n11,51,visual,letters,11,8,middle,T,T,1.0,1,,3.0,0,
2026-09-18T15:41:37,Esben2,serial_recall,capacity_n11,51,visual,letters,11,9,end,P,P,1.0,1,,3.0,0,
2026-09-18T15:41:37,Esben2,serial_recall,capacity_n11,51,visual,letters,11,10,end,O,O,1.0,1,,3.0,0,
2026-09-18T15:41:37,Esben2,serial_recall,capacity_n11,51,visual,letters,11,11,end,Q,Q,1.0,1,,3.0,0,
2026-09-18T15:42:29,Esben2,serial_recall,capacity_n11,52,visual,letters,11,1,start,N,N,1.0,1,,3.0,0,
2026-09-18T15:42:29,Esben2,serial_recall,capacity_n11,52,visual,letters,11,2,start,S,S,1.0,1,,3.0,0,
2026-09-18T15:42:29,Esben2,serial_recall,capacity_n11,52,visual,letters,11,3,start,P,P,1.0,1,,3.0,0,
2026-09-18T15:42:29,Esben2,serial_recall,capacity_n11,52,visual,letters,11,4,start,Z,Z,1.0,1,,3.0,0,
2026-09-18T15:42:29,Esben2,serial_recall,capacity_n11,52,visual,letters,11,5,middle,D,G,0.5,0,G,3.0,0,
2026-09-18T15:42:29,Esben2,serial_recall,capacity_n11,52,visual,letters,11,6,middle,T,B,0.0,0,B,3.0,0,
2026-09-18T15:42:29,Esben2,serial_recall,capacity_n11,52,visual,letters,11,7,middle,E,B,0.0,0,B,3.0,0,
2026-09-18T15:42:29,Esben2,serial_recall,capacity_n11,52,visual,letters,11,8,middle,P,P,1.0,1,,3.0,0,
2026-09-18T15:42:29,Esben2,serial_recall,capacity_n11,52,visual,letters,11,9,end,D,D,0.5,1,,3.0,0,
2026-09-18T15:42:29,Esben2,serial_recall,capacity_n11,52,visual,letters,11,10,end,M,M,1.0,1,,3.0,0,
2026-09-18T15:42:29,Esben2,serial_recall,capacity_n11,52,visual,letters,11,11,end,P,P,1.0,1,,3.0,0,
2026-09-18T15:43:17,Esben2,serial_recall,capacity_n12,53,visual,letters,12,1,start,L,T,1.0,0,T,3.0,0,
2026-09-18T15:43:17,Esben2,serial_recall,capacity_n12,53,visual,letters,12,2,start,X,L,0.0,0,L,3.0,0,
2026-09-18T15:43:17,Esben2,serial_recall,capacity_n12,53,visual,letters,12,3,start,J,L,0.0,0,L,3.0,0,
2026-09-18T15:43:17,Esben2,serial_recall,capacity_n12,53,visual,letters,12,4,start,B,E,0.0,0,E,3.0,0,
2026-09-18T15:43:17,Esben2,serial_recall,capacity_n12,53,visual,letters,12,5,middle,P,R,0.0,0,R,3.0,0,
2026-09-18T15:43:17,Esben2,serial_recall,capacity_n12,53,visual,letters,12,6,middle,T,I,1.0,0,I,3.0,0,
2026-09-18T15:43:17,Esben2,serial_recall,capacity_n12,53,visual,letters,12,7,middle,W,K,0.0,0,K,3.0,0,
2026-09-18T15:43:17,Esben2,serial_recall,capacity_n12,53,visual,letters,12,8,middle,H,K,0.0,0,K,3.0,0,
2026-09-18T15:43:17,Esben2,serial_recall,capacity_n12,53,visual,letters,12,9,end,D,E,1.0,0,E,3.0,0,
2026-09-18T15:43:17,Esben2,serial_recall,capacity_n12,53,visual,letters,12,10,end,L,M,1.0,0,M,3.0,0,
2026-09-18T15:43:17,Esben2,serial_recall,capacity_n12,53,visual,letters,12,11,end,B,E,0.0,0,E,3.0,0,
2026-09-18T15:43:17,Esben2,serial_recall,capacity_n12,53,visual,letters,12,12,end,K,D,1.0,0,D,3.0,0,
2026-09-18T15:43:57,Esben2,serial_recall,capacity_n12,54,visual,letters,12,1,start,L,T,1.0,0,T,3.0,0,
2026-09-18T15:43:57,Esben2,serial_recall,capacity_n12,54,visual,letters,12,2,start,Q,L,0.0,0,L,3.0,0,
2026-09-18T15:43:57,Esben2,serial_recall,capacity_n12,54,visual,letters,12,3,start,Y,L,0.0,0,L,3.0,0,
2026-09-18T15:43:57,Esben2,serial_recall,capacity_n12,54,visual,letters,12,4,start,W,E,0.0,0,E,3.0,0,
2026-09-18T15:43:57,Esben2,serial_recall,capacity_n12,54,visual,letters,12,5,middle,M,R,0.5,0,R,3.0,0,
2026-09-18T15:43:57,Esben2,serial_recall,capacity_n12,54,visual,letters,12,6,middle,H,I,0.0,0,I,3.0,0,
2026-09-18T15:43:57,Esben2,serial_recall,capacity_n12,54,visual,letters,12,7,middle,X,K,0.0,0,K,3.0,0,
2026-09-18T15:43:57,Esben2,serial_recall,capacity_n12,54,visual,letters,12,8,middle,C,K,0.0,0,K,3.0,0,
2026-09-18T15:43:57,Esben2,serial_recall,capacity_n12,54,visual,letters,12,9,end,M,E,0.5,0,E,3.0,0,
2026-09-18T15:43:57,Esben2,serial_recall,capacity_n12,54,visual,letters,12,10,end,V,M,0.0,0,M,3.0,0,
2026-09-18T15:43:57,Esben2,serial_recall,capacity_n12,54,visual,letters,12,11,end,O,E,0.0,0,E,3.0,0,
2026-09-18T15:43:57,Esben2,serial_recall,capacity_n12,54,visual,letters,12,12,end,O,D,0.0,0,D,3.0,0,
2026-09-18T15:44:39,Esben2,serial_recall,capacity_n12,55,visual,letters,12,1,start,B,T,0.0,0,T,3.0,0,
2026-09-18T15:44:39,Esben2,serial_recall,capacity_n12,55,visual,letters,12,2,start,A,L,0.0,0,L,3.0,0,
2026-09-18T15:44:39,Esben2,serial_recall,capacity_n12,55,visual,letters,12,3,start,B,L,0.0,0,L,3.0,0,
2026-09-18T15:44:39,Esben2,serial_recall,capacity_n12,55,visual,letters,12,4,start,U,E,0.0,0,E,3.0,0,
2026-09-18T15:44:39,Esben2,serial_recall,capacity_n12,55,visual,letters,12,5,middle,Y,R,0.0,0,R,3.0,0,
2026-09-18T15:44:39,Esben2,serial_recall,capacity_n12,55,visual,letters,12,6,middle,V,I,0.0,0,I,3.0,0,
2026-09-18T15:44:39,Esben2,serial_recall,capacity_n12,55,visual,letters,12,7,middle,O,K,0.0,0,K,3.0,0,
2026-09-18T15:44:39,Esben2,serial_recall,capacity_n12,55,visual,letters,12,8,middle,D,K,1.0,0,K,3.0,0,
2026-09-18T15:44:39,Esben2,serial_recall,capacity_n12,55,visual,letters,12,9,end,J,E,0.0,0,E,3.0,0,
2026-09-18T15:44:39,Esben2,serial_recall,capacity_n12,55,visual,letters,12,10,end,A,M,0.0,0,M,3.0,0,
2026-09-18T15:44:39,Esben2,serial_recall,capacity_n12,55,visual,letters,12,11,end,T,E,1.0,0,E,3.0,0,
2026-09-18T15:44:39,Esben2,serial_recall,capacity_n12,55,visual,letters,12,12,end,W,D,0.0,0,D,3.0,0,
2026-09-18T15:45:20,Esben2,serial_recall,capacity_n12,56,visual,letters,12,1,start,A,T,0.0,0,T,3.0,0,
2026-09-18T15:45:20,Esben2,serial_recall,capacity_n12,56,visual,letters,12,2,start,E,L,1.0,0,L,3.0,0,
2026-09-18T15:45:20,Esben2,serial_recall,capacity_n12,56,visual,letters,12,3,start,M,L,0.5,0,L,3.0,0,
2026-09-18T15:45:20,Esben2,serial_recall,capacity_n12,56,visual,letters,12,4,start,V,E,0.0,0,E,3.0,0,
2026-09-18T15:45:20,Esben2,serial_recall,capacity_n12,56,visual,letters,12,5,middle,V,R,0.0,0,R,3.0,0,
2026-09-18T15:45:20,Esben2,serial_recall,capacity_n12,56,visual,letters,12,6,middle,H,I,0.0,0,I,3.0,0,
2026-09-18T15:45:20,Esben2,serial_recall,capacity_n12,56,visual,letters,12,7,middle,T,K,1.0,0,K,3.0,0,
2026-09-18T15:45:20,Esben2,serial_recall,capacity_n12,56,visual,letters,12,8,middle,R,K,1.0,0,K,3.0,0,
2026-09-18T15:45:20,Esben2,serial_recall,capacity_n12,56,visual,letters,12,9,end,M,E,0.5,0,E,3.0,0,
2026-09-18T15:45:20,Esben2,serial_recall,capacity_n12,56,visual,letters,12,10,end,K,M,1.0,0,M,3.0,0,
2026-09-18T15:45:20,Esben2,serial_recall,capacity_n12,56,visual,letters,12,11,end,H,E,0.0,0,E,3.0,0,
2026-09-18T15:45:20,Esben2,serial_recall,capacity_n12,56,visual,letters,12,12,end,G,D,0.0,0,D,3.0,0,
2026-09-18T15:46:03,Esben2,serial_recall,capacity_n12,57,visual,letters,12,1,start,H,T,0.0,0,T,3.0,0,
2026-09-18T15:46:03,Esben2,serial_recall,capacity_n12,57,visual,letters,12,2,start,T,L,1.0,0,L,3.0,0,
2026-09-18T15:46:03,Esben2,serial_recall,capacity_n12,57,visual,letters,12,3,start,B,L,0.0,0,L,3.0,0,
2026-09-18T15:46:03,Esben2,serial_recall,capacity_n12,57,visual,letters,12,4,start,X,E,0.0,0,E,3.0,0,
2026-09-18T15:46:03,Esben2,serial_recall,capacity_n12,57,visual,letters,12,5,middle,Z,R,0.0,0,R,3.0,0,
2026-09-18T15:46:03,Esben2,serial_recall,capacity_n12,57,visual,letters,12,6,middle,P,I,0.0,0,I,3.0,0,
2026-09-18T15:46:03,Esben2,serial_recall,capacity_n12,57,visual,letters,12,7,middle,L,K,1.0,0,K,3.0,0,
2026-09-18T15:46:03,Esben2,serial_recall,capacity_n12,57,visual,letters,12,8,middle,L,K,1.0,0,K,3.0,0,
2026-09-18T15:46:03,Esben2,serial_recall,capacity_n12,57,visual,letters,12,9,end,I,E,1.0,0,E,3.0,0,
2026-09-18T15:46:03,Esben2,serial_recall,capacity_n12,57,visual,letters,12,10,end,O,M,0.0,0,M,3.0,0,
2026-09-18T15:46:03,Esben2,serial_recall,capacity_n12,57,visual,letters,12,11,end,Q,E,0.0,0,E,3.0,0,
2026-09-18T15:46:03,Esben2,serial_recall,capacity_n12,57,visual,letters,12,12,end,D,D,1.0,1,,3.0,0,
2026-09-18T15:46:44,Esben2,serial_recall,capacity_n12,58,visual,letters,12,1,start,Z,T,0.0,0,T,3.0,0,
2026-09-18T15:46:44,Esben2,serial_recall,capacity_n12,58,visual,letters,12,2,start,D,L,0.5,0,L,3.0,0,
2026-09-18T15:46:44,Esben2,serial_recall,capacity_n12,58,visual,letters,12,3,start,K,L,1.0,0,L,3.0,0,
2026-09-18T15:46:44,Esben2,serial_recall,capacity_n12,58,visual,letters,12,4,start,S,E,0.0,0,E,3.0,0,
2026-09-18T15:46:44,Esben2,serial_recall,capacity_n12,58,visual,letters,12,5,middle,H,R,0.0,0,R,3.0,0,
2026-09-18T15:46:44,Esben2,serial_recall,capacity_n12,58,visual,letters,12,6,middle,N,I,0.0,0,I,3.0,0,
2026-09-18T15:46:44,Esben2,serial_recall,capacity_n12,58,visual,letters,12,7,middle,D,K,0.5,0,K,3.0,0,
2026-09-18T15:46:44,Esben2,serial_recall,capacity_n12,58,visual,letters,12,8,middle,P,K,0.0,0,K,3.0,0,
2026-09-18T15:46:44,Esben2,serial_recall,capacity_n12,58,visual,letters,12,9,end,M,E,1.0,0,E,3.0,0,
2026-09-18T15:46:44,Esben2,serial_recall,capacity_n12,58,visual,letters,12,10,end,U,M,0.0,0,M,3.0,0,
2026-09-18T15:46:44,Esben2,serial_recall,capacity_n12,58,visual,letters,12,11,end,U,E,0.0,0,E,3.0,0,
2026-09-18T15:46:44,Esben2,serial_recall,capacity_n12,58,visual,letters,12,12,end,U,D,0.0,0,D,3.0,0,
2026-09-18T15:47:26,Esben2,serial_recall,capacity_n12,59,visual,letters,12,1,start,H,T,0.0,0,T,3.0,0,
2026-09-18T15:47:26,Esben2,serial_recall,capacity_n12,59,visual,letters,12,2,start,H,L,0.0,0,L,3.0,0,
2026-09-18T15:47:26,Esben2,serial_recall,capacity_n12,59,visual,letters,12,3,start,Y,L,0.0,0,L,3.0,0,
2026-09-18T15:47:26,Esben2,serial_recall,capacity_n12,59,visual,letters,12,4,start,N,E,0.0,0,E,3.0,0,
2026-09-18T15:47:26,Esben2,serial_recall,capacity_n12,59,visual,letters,12,5,middle,X,R,0.0,0,R,3.0,0,
2026-09-18T15:47:26,Esben2,serial_recall,capacity_n12,59,visual,letters,12,6,middle,K,I,1.0,0,I,3.0,0,
2026-09-18T15:47:26,Esben2,serial_recall,capacity_n12,59,visual,letters,12,7,middle,P,K,0.0,0,K,3.0,0,
2026-09-18T15:47:26,Esben2,serial_recall,capacity_n12,59,visual,letters,12,8,middle,I,K,1.0,0,K,3.0,0,
2026-09-18T15:47:26,Esben2,serial_recall,capacity_n12,59,visual,letters,12,9,end,O,E,0.0,0,E,3.0,0,
2026-09-18T15:47:26,Esben2,serial_recall,capacity_n12,59,visual,letters,12,10,end,Y,M,0.0,0,M,3.0,0,
2026-09-18T15:47:26,Esben2,serial_recall,capacity_n12,59,visual,letters,12,11,end,O,E,0.0,0,E,3.0,0,
2026-09-18T15:47:26,Esben2,serial_recall,capacity_n12,59,visual,letters,12,12,end,S,D,0.0,0,D,3.0,0,
2026-09-18T15:48:07,Esben2,serial_recall,capacity_n12,60,visual,letters,12,1,start,L,T,1.0,0,T,3.0,0,
2026-09-18T15:48:07,Esben2,serial_recall,capacity_n12,60,visual,letters,12,2,start,O,L,0.0,0,L,3.0,0,
2026-09-18T15:48:07,Esben2,serial_recall,capacity_n12,60,visual,letters,12,3,start,Y,L,0.0,0,L,3.0,0,
2026-09-18T15:48:07,Esben2,serial_recall,capacity_n12,60,visual,letters,12,4,start,V,E,0.0,0,E,3.0,0,
2026-09-18T15:48:07,Esben2,serial_recall,capacity_n12,60,visual,letters,12,5,middle,A,R,0.0,0,R,3.0,0,
2026-09-18T15:48:07,Esben2,serial_recall,capacity_n12,60,visual,letters,12,6,middle,N,I,0.0,0,I,3.0,0,
2026-09-18T15:48:07,Esben2,serial_recall,capacity_n12,60,visual,letters,12,7,middle,G,K,0.0,0,K,3.0,0,
2026-09-18T15:48:07,Esben2,serial_recall,capacity_n12,60,visual,letters,12,8,middle,U,K,0.0,0,K,3.0,0,
2026-09-18T15:48:07,Esben2,serial_recall,capacity_n12,60,visual,letters,12,9,end,V,E,0.0,0,E,3.0,0,
2026-09-18T15:48:07,Esben2,serial_recall,capacity_n12,60,visual,letters,12,10,end,I,M,1.0,0,M,3.0,0,
2026-09-18T15:48:07,Esben2,serial_recall,capacity_n12,60,visual,letters,12,11,end,J,E,0.0,0,E,3.0,0,
2026-09-18T15:48:07,Esben2,serial_recall,capacity_n12,60,visual,letters,12,12,end,N,D,0.0,0,D,3.0,0,
2026-09-18T15:49:33,Esben2,serial_recall,baseline,1,visual,letters,12,1,start,B,D,0.0,0,D,3.0,0,
2026-09-18T15:49:33,Esben2,serial_recall,baseline,1,visual,letters,12,2,start,D,T,1.0,0,T,3.0,0,
2026-09-18T15:49:33,Esben2,serial_recall,baseline,1,visual,letters,12,3,start,P,P,1.0,1,,3.0,0,
2026-09-18T15:49:33,Esben2,serial_recall,baseline,1,visual,letters,12,4,start,Q,Q,1.0,1,,3.0,0,
2026-09-18T15:49:33,Esben2,serial_recall,baseline,1,visual,letters,12,5,middle,Y,Y,1.0,1,,3.0,0,
2026-09-18T15:49:33,Esben2,serial_recall,baseline,1,visual,letters,12,6,middle,V,V,1.0,1,,3.0,0,
2026-09-18T15:49:33,Esben2,serial_recall,baseline,1,visual,letters,12,7,middle,S,S,1.0,1,,3.0,0,
2026-09-18T15:49:33,Esben2,serial_recall,baseline,1,visual,letters,12,8,middle,U,U,1.0,1,,3.0,0,
2026-09-18T15:49:33,Esben2,serial_recall,baseline,1,visual,letters,12,9,end,L,L,1.0,1,,3.0,0,
2026-09-18T15:49:33,Esben2,serial_recall,baseline,1,visual,letters,12,10,end,T,T,1.0,1,,3.0,0,
2026-09-18T15:49:33,Esben2,serial_recall,baseline,1,visual,letters,12,11,end,L,L,1.0,1,,3.0,0,
2026-09-18T15:49:33,Esben2,serial_recall,baseline,1,visual,letters,12,12,end,Q,Q,1.0,1,,3.0,0,
2026-09-18T15:50:20,Esben2,serial_recall,baseline,2,visual,letters,12,1,start,P,P,1.0,1,,3.0,0,
2026-09-18T15:50:20,Esben2,serial_recall,baseline,2,visual,letters,12,2,start,H,H,1.0,1,,3.0,0,
2026-09-18T15:50:20,Esben2,serial_recall,baseline,2,visual,letters,12,3,start,P,P,1.0,1,,3.0,0,
2026-09-18T15:50:20,Esben2,serial_recall,baseline,2,visual,letters,12,4,start,K,K,1.0,1,,3.0,0,
2026-09-18T15:50:20,Esben2,serial_recall,baseline,2,visual,letters,12,5,middle,R,R,1.0,1,,3.0,0,
2026-09-18T15:50:20,Esben2,serial_recall,baseline,2,visual,letters,12,6,middle,N,N,1.0,1,,3.0,0,
2026-09-18T15:50:20,Esben2,serial_recall,baseline,2,visual,letters,12,7,middle,Y,Y,1.0,1,,3.0,0,
2026-09-18T15:50:20,Esben2,serial_recall,baseline,2,visual,letters,12,8,middle,Y,Y,1.0,1,,3.0,0,
2026-09-18T15:50:20,Esben2,serial_recall,baseline,2,visual,letters,12,9,end,N,N,1.0,1,,3.0,0,
2026-09-18T15:50:20,Esben2,serial_recall,baseline,2,visual,letters,12,10,end,W,W,1.0,1,,3.0,0,
2026-09-18T15:50:20,Esben2,serial_recall,baseline,2,visual,letters,12,11,end,D,D,1.0,1,,3.0,0,
2026-09-18T15:50:20,Esben2,serial_recall,baseline,2,visual,letters,12,12,end,H,H,1.0,1,,3.0,0,
2026-09-18T15:51:12,Esben2,serial_recall,baseline,3,visual,letters,12,1,start,Z,Z,1.0,1,,3.0,0,
2026-09-18T15:51:12,Esben2,serial_recall,baseline,3,visual,letters,12,2,start,F,F,1.0,1,,3.0,0,
2026-09-18T15:51:12,Esben2,serial_recall,baseline,3,visual,letters,12,3,start,C,C,1.0,1,,3.0,0,
2026-09-18T15:51:12,Esben2,serial_recall,baseline,3,visual,letters,12,4,start,Q,Q,1.0,1,,3.0,0,
2026-09-18T15:51:12,Esben2,serial_recall,baseline,3,visual,letters,12,5,middle,U,U,1.0,1,,3.0,0,
2026-09-18T15:51:12,Esben2,serial_recall,baseline,3,visual,letters,12,6,middle,H,H,1.0,1,,3.0,0,
2026-09-18T15:51:12,Esben2,serial_recall,baseline,3,visual,letters,12,7,middle,Z,Z,1.0,1,,3.0,0,
2026-09-18T15:51:12,Esben2,serial_recall,baseline,3,visual,letters,12,8,middle,R,R,1.0,1,,3.0,0,
2026-09-18T15:51:12,Esben2,serial_recall,baseline,3,visual,letters,12,9,end,N,N,1.0,1,,3.0,0,
2026-09-18T15:51:12,Esben2,serial_recall,baseline,3,visual,letters,12,10,end,Y,Y,1.0,1,,3.0,0,
2026-09-18T15:51:12,Esben2,serial_recall,baseline,3,visual,letters,12,11,end,U,U,1.0,1,,3.0,0,
2026-09-18T15:51:12,Esben2,serial_recall,baseline,3,visual,letters,12,12,end,W,W,1.0,1,,3.0,0,
