timestamp,participant,experiment,condition,trial,mode,response_format,n_items,interval_s,delay_s,sequence,response,free_correct_n,free_accuracy,serial_correct_n,serial_accuracy,start_accuracy,middle_accuracy,end_accuracy,primacy_index,recency_index,wm_questions,wm_correct,tap_count,chunk_label
2026-09-13T08:27:25,Seb,free_recall,baseline,1,visual,letters,16,3.0,0,Z || A || M || J || L || M || B || P || T || B || H || V || L || E || Z || C,V || Z || Z || A || M || J || L || M || B || T || H || V || E || C || P || L,15,0.9375,2,0.125,1.0,0.8,1.0,0.2,0.2,0,0,0,
2026-09-13T08:28:45,Seb,free_recall,baseline,2,visual,letters,16,3.0,0,T || L || K || G || G || J || J || F || R || D || E || R || D || N || I || Q,T || K || L || G || G || J || J || E || D || I || Q || D || E || V || F || T,13,0.8125,5,0.3125,1.0,0.8,0.6,0.2,-0.2,0,0,0,
2026-09-13T08:30:08,Seb,free_recall,baseline,3,visual,letters,16,3.0,0,K || A || O || T || D || S || A || Q || R || M || Z || J || G || J || N || V,V || N || Q || K || A || O || Z || D || R || M || Z || J || R || C || E || Q,11,0.6875,4,0.25,0.583333,0.9,0.6,-0.316667,-0.3,0,0,0,
2026-09-13T08:31:19,Seb,free_recall,baseline,4,visual,letters,16,3.0,0,G || J || N || U || A || O || N || S || L || A || J || Q || V || J || X || G,G || J || N || U || A || U || N || S || L || A || J || Q || V || I || Z || X,13,0.8125,12,0.75,0.694444,0.933333,0.833333,-0.238889,-0.1,0,0,0,
2026-09-13T08:32:35,Seb,free_recall,baseline,5,visual,letters,16,3.0,0,L || J || L || X || B || O || Z || F || L || J || B || W || F || Q || O || D,D || Q || W || F || X || Z || L || L || L || O || O || J || J || B || B || A,15,0.9375,1,0.0625,1.0,0.9,0.9,0.1,0.0,0,0,0,
2026-09-13T08:39:10,Seb,free_recall,unfilled_delay,1,visual,letters,16,3.0,60,L || M || O || I || B || H || W || I || N || L || W || K || P || O || P || J,L || M || O || I || B || W || I || P || O || P || I || W || J || L || T || M,13,0.8125,5,0.3125,0.833333,0.8,0.8,0.033333,0.0,0,0,0,
2026-09-13T08:41:45,Seb,free_recall,unfilled_delay,2,visual,letters,16,3.0,60,J || T || N || L || L || W || Q || Y || K || O || U || F || Z || J || I || S,N || L || L || Q || J || W || U || O || J || K || O || P || S || H || Y || Z,13,0.8125,1,0.0625,0.833333,1.0,0.6,-0.166667,-0.4,0,0,0,
2026-09-13T08:44:34,Seb,free_recall,unfilled_delay,3,visual,letters,16,3.0,60,Q || N || B || M || H || M || F || S || L || K || N || L || L || O || K || O,Q || I || B || M || H || M || S || F || L || L || L || O || O || K || K || T,14,0.875,7,0.4375,0.833333,0.8,1.0,0.033333,0.2,0,0,0,
2026-09-13T08:46:56,Seb,free_recall,unfilled_delay,4,visual,letters,16,3.0,60,Q || G || Z || N || T || W || B || K || H || K || O || H || H || R || D || E,H || H || H || K || K || Q || G || Z || N || T || W || R || O || D || E || L,15,0.9375,0,0.0,1.0,0.8,1.0,0.2,0.2,0,0,0,
2026-09-13T08:49:12,Seb,free_recall,unfilled_delay,5,visual,letters,16,3.0,60,V || P || E || A || F || U || Z || A || G || P || O || D || Z || R || K || X,A || A || P || P || Q || Z || X || O || R || F || V || L || T || Y || U || N,11,0.6875,0,0.0,0.833333,0.7,0.5,0.133333,-0.2,0,0,0,
2026-09-13T08:51:10,Seb,free_recall,fast_rate,1,visual,letters,16,1.0,0,P || D || C || E || I || G || O || R || Z || U || T || O || B || X || Y || X,X || X || Y || P || O || C || D || E || R || T || O || U || I || G || L || R,14,0.875,0,0.0,1.0,0.8,0.8,0.2,0.0,0,0,0,
2026-09-13T08:51:49,Seb,free_recall,fast_rate,2,visual,letters,16,1.0,0,M || L || E || K || W || D || R || K || A || A || R || X || K || Y || M || Y,Y || Y || M || M || K || K || K || L || L || R || R || T || P || E || N || G,11,0.6875,1,0.0625,0.666667,0.6,0.8,0.066667,0.2,0,0,0,
2026-09-13T08:52:41,Seb,free_recall,fast_rate,3,visual,letters,16,1.0,0,N || I || P || F || I || V || I || W || R || U || Q || P || I || Y || H || Z,N || I || P || F || I || V || I || P || R || U || Q || F || U || O || R || K,11,0.6875,10,0.625,0.916667,0.75,0.35,0.166667,-0.4,0,0,0,
2026-09-13T08:53:27,Seb,free_recall,fast_rate,4,visual,letters,16,1.0,0,R || Z || H || X || F || B || V || O || U || N || V || E || Z || L || L || L,L || L || L || V || V || R || Z || Z || Y || X || O || N || R || F || T || P,12,0.75,0,0.0,0.666667,0.8,0.8,-0.133333,0.0,0,0,0,
2026-09-13T08:54:09,Seb,free_recall,fast_rate,5,visual,letters,16,1.0,0,P || A || N || S || B || B || U || H || S || O || P || R || U || E || E || C,P || A || N || B || U || H || B || S || U || P || R || O || E || B || P || U,13,0.8125,3,0.1875,0.916667,0.9,0.6,0.016667,-0.3,0,0,0,
2026-09-13T08:56:40,Seb,free_recall,working_memory,1,visual,letters,16,3.0,0,Q || P || F || M || J || U || T || E || W || J || X || S || D || E || Q || Z,J || U || T || E || J || Q || W || I || F || M || Z || Z || X || D || O || M,12,0.75,1,0.0625,0.75,0.9,0.6,-0.15,-0.3,7,6,0,
2026-09-13T08:58:54,Seb,free_recall,working_memory,2,visual,letters,16,3.0,0,S || G || J || N || O || L || H || C || Y || X || Z || X || J || F || S || Y,N || O || J || J || Q || Q || Z || X || R || O || H || C || X || S || L || Y,12,0.75,2,0.125,0.75,0.9,0.6,-0.15,-0.3,8,7,0,
2026-09-13T09:01:04,Seb,free_recall,working_memory,3,visual,letters,16,3.0,0,X || Y || G || V || R || V || M || N || W || B || M || J || G || Y || O || E,V || A || R || M || M || N || X || Y || X || Z || G || G || B || J || J || P,11,0.6875,0,0.0,0.75,0.8,0.5,-0.05,-0.3,6,6,0,
2026-09-13T09:02:55,Seb,free_recall,working_memory,4,visual,letters,16,3.0,0,Z || Y || F || N || J || E || I || M || E || D || S || K || S || R || B || A,Z || Y || F || N || E || J || M || I || E || B || A || S || S || K || R || M,15,0.9375,6,0.375,1.0,0.8,1.0,0.2,0.2,5,4,0,
2026-09-13T09:05:00,Seb,free_recall,working_memory,5,visual,letters,16,3.0,0,E || W || J || U || K || B || G || B || A || V || Q || D || A || B || R || R,W || E || Y || U || Q || B || G || B || V || A || Q || R || R || O || K || L,12,0.75,5,0.3125,0.777778,0.833333,0.633333,-0.055556,-0.2,6,6,0,
2026-09-13T09:23:38,Seb,idiom_serial_recall,real_idioms,1,visual,phrases,12,3.0,0,at sidde paa den hoeje hest || at have en finger med i spillet || at slaa to fluer med et smaek || at gaa nedenom og hjem || at have mange bolde i luften || at gaa agurk || at komme i fedtefadet || at slaa en streg i sandet || at faa kolde foedder || at staa med haaret i postkassen || at loebe panden mod en mur || at male fanden paa vaeggen,finger || at side paa den hoeje hest || at slaa to fluer med et smaek || q || q || at gaa agurk || q || q || q || q || q || at have fandens haand,2,0.166667,2,0.166667,0.25,0.25,0.0,0.0,-0.25,0,0,0,
2026-09-13T09:24:45,Seb,idiom_serial_recall,real_idioms,2,visual,phrases,12,3.0,0,at bide i det sure aeble || at tale frit fra leveren || at gaa ned med flaget || at kaste haandklaedet i ringen || at sidde paa den hoeje hest || at gaa agurk || at gaa paa vandet || at vaere paa boelgelaengde || at have rent mel i posen || at have sommerfugle i maven || at vaere en strid banan || at skyde papegoejen,at bide i det sure aeble || q || q || q || q || q || q || q || q || q || at vaere en strid banan || at vaere en papegoeje,2,0.166667,2,0.166667,0.25,0.0,0.25,0.25,0.25,0,0,0,
2026-09-13T09:26:06,Seb,idiom_serial_recall,real_idioms,3,visual,phrases,12,3.0,0,at faa kolde foedder || at sidde paa den hoeje hest || at skyde papegoejen || at vaere paa boelgelaengde || at gaa over gevind || at komme i fedtefadet || at have sommerfugle i maven || at komme op i det roede felt || at slaa to fluer med et smaek || at gaa paa vandet || at staa med haaret i postkassen || at gaa nedenom og hjem,at faa kolde foeder || at skyde papegoejen || at gaa nedenom og hjem || q || q || q || qq || q || q || at gaa agurk || at slaa to fluer med et smaek || q,3,0.25,0,0.0,0.25,0.0,0.5,0.25,0.5,0,0,0,
2026-09-14T03:05:36,Seb,serial_recall,capacity_n4,1,visual,letters,4,3.0,0,A || X || J || D,A || X || J || D,4,1.0,4,1.0,1.0,1.0,1.0,0.0,0.0,0,0,0,
2026-09-14T03:05:53,Seb,serial_recall,capacity_n4,2,visual,letters,4,3.0,0,X || O || H || V,X || O || H || V,4,1.0,4,1.0,1.0,1.0,1.0,0.0,0.0,0,0,0,
2026-09-14T03:06:14,Seb,serial_recall,capacity_n5,3,visual,letters,5,3.0,0,Z || K || Z || B || V,Z || K || Z || B || V,5,1.0,5,1.0,1.0,1.0,1.0,0.0,0.0,0,0,0,
2026-09-14T03:06:37,Seb,serial_recall,capacity_n5,4,visual,letters,5,3.0,0,A || K || T || T || F,A || K || T || T || F,5,1.0,5,1.0,1.0,1.0,1.0,0.0,0.0,0,0,0,
2026-09-14T03:07:02,Seb,serial_recall,capacity_n6,5,visual,letters,6,3.0,0,A || N || F || E || Z || X,A || N || F || E || Z || X,6,1.0,6,1.0,1.0,1.0,1.0,0.0,0.0,0,0,0,
2026-09-14T03:07:29,Seb,serial_recall,capacity_n6,6,visual,letters,6,3.0,0,N || X || Z || P || V || N,N || X || Z || P || V || N,6,1.0,6,1.0,1.0,1.0,1.0,0.0,0.0,0,0,0,
2026-09-14T03:07:57,Seb,serial_recall,capacity_n7,7,visual,letters,7,3.0,0,Z || H || D || P || Q || H || Z,Z || H || D || P || Q || H || Z,7,1.0,7,1.0,1.0,1.0,1.0,0.0,0.0,0,0,0,
2026-09-14T03:08:25,Seb,serial_recall,capacity_n7,8,visual,letters,7,3.0,0,S || Q || P || V || T || R || O,S || Q || P || V || T || R || O,7,1.0,7,1.0,1.0,1.0,1.0,0.0,0.0,0,0,0,
2026-09-14T03:08:57,Seb,serial_recall,capacity_n8,9,visual,letters,8,3.0,0,A || V || U || Z || S || F || Y || J,A || V || U || Z || S || F || Y || J,8,1.0,8,1.0,1.0,1.0,1.0,0.0,0.0,0,0,0,
2026-09-14T03:09:32,Seb,serial_recall,capacity_n8,10,visual,letters,8,3.0,0,B || B || I || Z || Y || N || Q || W,B || B || I || Z || Y || N || Q || W,8,1.0,8,1.0,1.0,1.0,1.0,0.0,0.0,0,0,0,
2026-09-14T03:10:20,Seb,serial_recall,capacity_n9,11,visual,letters,9,3.0,0,G || D || K || S || T || R || O || Q || N,G || D || K || S || T || R || O || Q || N,9,1.0,9,1.0,1.0,1.0,1.0,0.0,0.0,0,0,0,
2026-09-14T03:11:01,Seb,serial_recall,capacity_n9,12,visual,letters,9,3.0,0,F || G || D || Q || H || O || Q || E || F,F || D || G || Q || H || O || Q || E || T,8,0.888889,6,0.666667,0.833333,1.0,0.833333,-0.166667,-0.166667,0,0,0,
2026-09-14T03:23:02,Seb,serial_recall,baseline,1,visual,letters,12,3.0,0,J || A || S || E || S || G || G || A || F || P || N || A,J || A || S || E || S || G || G || A || F || P || N || A,12,1.0,12,1.0,1.0,1.0,1.0,0.0,0.0,0,0,0,
2026-09-14T03:23:57,Seb,serial_recall,baseline,2,visual,letters,12,3.0,0,F || U || P || B || E || G || I || F || C || H || K || U,F || U || P || B || E || G || I || F || C || H || K || E,11,0.916667,11,0.916667,0.875,1.0,0.875,-0.125,-0.125,0,0,0,
2026-09-14T03:24:45,Seb,serial_recall,baseline,3,visual,letters,12,3.0,0,X || J || J || X || R || U || C || X || I || P || U || A,X || J || J || X || R || U || X || X || I || P || U || A,11,0.916667,11,0.916667,1.0,0.75,1.0,0.25,0.25,0,0,0,
2026-09-14T03:25:38,Seb,serial_recall,baseline,4,visual,letters,12,3.0,0,L || E || B || N || A || V || S || K || T || U || C || S,L || E || B || N || A || V || S || K || T || U || C || U,11,0.916667,11,0.916667,1.0,0.875,0.875,0.125,0.0,0,0,0,
2026-09-14T03:26:35,Seb,serial_recall,baseline,5,visual,letters,12,3.0,0,C || W || D || T || J || J || N || F || Q || I || Z || M,C || W || N || F || J || J || C || W || Q || M || Z || O,9,0.75,6,0.5,0.5,1.0,0.75,-0.5,-0.25,0,0,0,
2026-09-14T03:28:37,Seb,serial_recall,finger_tapping,1,visual,letters,12,3.0,0,F || J || S || U || S || J || B || H || H || K || Z || C,F || J || S || U || S || J || B || H || H || K || U || C,11,0.916667,11,0.916667,1.0,1.0,0.75,0.0,-0.25,0,0,144,
2026-09-14T03:29:50,Seb,serial_recall,finger_tapping,2,visual,letters,12,3.0,0,O || Y || N || S || K || K || W || G || K || L || S || A,O || Y || N || S || K || K || W || G || K || W || A || J,10,0.833333,9,0.75,0.875,1.0,0.625,-0.125,-0.375,0,0,157,
2026-09-14T03:30:52,Seb,serial_recall,finger_tapping,3,visual,letters,12,3.0,0,R || P || F || V || U || O || S || L || Y || Q || H || E,R || P || F || V || U || O || S || S || J || Q || H || E,10,0.833333,10,0.833333,1.0,0.75,0.75,0.25,0.0,0,0,149,
2026-09-14T03:31:41,Seb,serial_recall,finger_tapping,4,visual,letters,12,3.0,0,K || R || Z || S || R || Z || O || P || N || A || G || S,K || R || Z || S || R || Z || O || P || N || A || G || S,12,1.0,12,1.0,1.0,1.0,1.0,0.0,0.0,0,0,159,
2026-09-14T03:32:40,Seb,serial_recall,finger_tapping,5,visual,letters,12,3.0,0,O || A || Q || R || K || J || D || T || I || A || U || F,O || A || Q || R || K || J || T || I || A || U || F || T,11,0.916667,6,0.5,1.0,0.75,1.0,0.25,0.25,0,0,153,
2026-09-14T03:34:50,Seb,serial_recall,articulatory_suppression,1,visual,letters,12,3.0,0,L || W || H || D || V || W || H || G || K || V || X || I,L || O || W || U || C || W || G || J || A || L || X || I,6,0.5,4,0.333333,0.5,0.5,0.5,0.0,0.0,0,0,0,
2026-09-14T03:35:54,Seb,serial_recall,articulatory_suppression,2,visual,letters,12,3.0,0,Y || V || Z || E || L || I || O || P || Z || B || J || S,Y || V || L || U || J || O || P || G || K || L || J || S,7,0.583333,4,0.333333,0.5,0.75,0.5,-0.25,-0.25,0,0,0,
2026-09-14T03:36:47,Seb,serial_recall,articulatory_suppression,3,visual,letters,12,3.0,0,T || X || X || P || O || U || Q || L || R || N || N || F,T || X || X || K || A || P || I || N || E || F || N || F,7,0.583333,5,0.416667,1.0,0.0,0.75,1.0,0.75,0,0,0,
2026-09-14T03:37:39,Seb,serial_recall,articulatory_suppression,4,visual,letters,12,3.0,0,O || L || U || Y || A || J || B || G || Z || V || L || N,O || U || Y || A || J || J || W || B || D || V || N || O,8,0.666667,3,0.25,0.75,0.75,0.5,0.0,-0.25,0,0,0,
2026-09-14T03:38:43,Seb,serial_recall,articulatory_suppression,5,visual,letters,12,3.0,0,P || E || O || V || O || R || T || G || Y || I || S || S,P || E || O || V || N || M || S || J || Z || I || S || S,7,0.583333,7,0.583333,0.875,0.125,0.75,0.75,0.625,0,0,0,
2026-09-15T05:53:22,Seb,idiom_serial_recall,fake_idioms,1,visual,phrases,12,3.0,0,at gaa med hovedet under armen || at saette sejl i modvind || at have begge foedder paa samme trin || at saette sin hat efter vinden || at slaa soem i taagen || at vende koppen paa hovedet || at traekke stigen op foer man er paa taget || at have vinden under skjorten || at haenge hatten paa den forkerte knage || at gaa med skeen i den forkerte gryde || at kaste hatten foer festen || at staa med begge ben i samme stoevle,at have hovete mod vinden || q || q || q || q || q || q || qq || q || q || q || at gaa med begge ben i samme stoevle,0,0.0,0,0.0,0.0,0.0,0.0,0.0,0.0,0,0,0,
2026-09-15T05:54:30,Seb,idiom_serial_recall,fake_idioms,2,visual,phrases,12,3.0,0,at staa med naesen i postkassen || at traekke gardinet for tidligt || at saette ild til sin egen stige || at traekke stigen op foer man er paa taget || at have begge foedder paa samme trin || at saette sin hat efter vinden || at have begge haender i honningkrukken || at gaa rundt om den samme sten || at have en raev i rygsaekken || at have grus i maskineriet || at have sand mellem taenderne || at gaa med vinden i lommen,q || q || q || q || q || q || q || q || q || at have grus i maskineriet || at have sand mellem lommerne || at have vind i haare,1,0.083333,1,0.083333,0.0,0.0,0.25,0.0,0.25,0,0,0,
2026-09-15T05:55:41,Seb,idiom_serial_recall,fake_idioms,3,visual,phrases,12,3.0,0,at faa regn i stoevlerne || at traekke gardinet for tidligt || at have for mange noegler i lommen || at holde doeren med albuen || at slaa knude paa sin egen hale || at traekke taeppet over hovedet || at slaa hul i sin egen paraply || at traekke stigen op foer man er paa taget || at gaa med gaflen i suppen || at have begge haender i honningkrukken || at saette ild til sin egen stige || at have sand mellem taenderne,at gaa med regn i stoevlerne || q || q || q || q || q || q || q || at saette ildt til sin egen stige || q || q || at have sand mellem taenderne,1,0.083333,1,0.083333,0.0,0.0,0.25,0.0,0.25,0,0,0,
