2026-09-22T06:16:10,Seb,free_recall,baseline,1,visual,letters,16,1,start,O,O,1.0,1,,3.0,0,
2026-09-22T06:16:10,Seb,free_recall,baseline,1,visual,letters,16,2,start,E,E,1.0,1,,3.0,0,
2026-09-22T06:16:10,Seb,free_recall,baseline,1,visual,letters,16,3,start,W,W,1.0,1,,3.0,0,
2026-09-22T06:16:10,Seb,free_recall,baseline,1,visual,letters,16,4,start,Z,Z,1.0,1,,3.0,0,
2026-09-22T06:16:10,Seb,free_recall,baseline,1,visual,letters,16,5,start,E,E,1.0,1,,3.0,0,
2026-09-22T06:16:10,Seb,free_recall,baseline,1,visual,letters,16,6,start,S,S,1.0,1,,3.0,0,
2026-09-22T06:16:10,Seb,free_recall,baseline,1,visual,letters,16,7,middle,T,T,1.0,1,,3.0,0,
2026-09-22T06:16:10,Seb,free_recall,baseline,1,visual,letters,16,8,middle,N,G,0.5,0,G,3.0,0,
2026-09-22T06:16:10,Seb,free_recall,baseline,1,visual,letters,16,9,middle,G,G,1.0,1,,3.0,0,
2026-09-22T06:16:10,Seb,free_recall,baseline,1,visual,letters,16,10,middle,G,C,1.0,0,C,3.0,0,
2026-09-22T06:16:10,Seb,free_recall,baseline,1,visual,letters,16,11,middle,C,D,1.0,0,D,3.0,0,
2026-09-22T06:16:10,Seb,free_recall,baseline,1,visual,letters,16,12,end,D,N,1.0,0,N,3.0,0,
2026-09-22T06:16:10,Seb,free_recall,baseline,1,visual,letters,16,13,end,N,I,0.5,0,I,3.0,0,
2026-09-22T06:16:10,Seb,free_recall,baseline,1,visual,letters,16,14,end,M,I,1.0,0,I,3.0,0,
2026-09-22T06:16:10,Seb,free_recall,baseline,1,visual,letters,16,15,end,I,M,1.0,0,M,3.0,0,
2026-09-22T06:16:10,Seb,free_recall,baseline,1,visual,letters,16,16,end,I,G,1.0,0,G,3.0,0,
2026-09-22T06:17:36,Seb,free_recall,baseline,2,visual,letters,16,1,start,T,T,1.0,1,,3.0,0,
2026-09-22T06:17:36,Seb,free_recall,baseline,2,visual,letters,16,2,start,T,T,1.0,1,,3.0,0,
2026-09-22T06:17:36,Seb,free_recall,baseline,2,visual,letters,16,3,start,X,X,1.0,1,,3.0,0,
2026-09-22T06:17:36,Seb,free_recall,baseline,2,visual,letters,16,4,start,M,S,1.0,0,S,3.0,0,
2026-09-22T06:17:36,Seb,free_recall,baseline,2,visual,letters,16,5,start,P,G,0.0,0,G,3.0,0,
2026-09-22T06:17:36,Seb,free_recall,baseline,2,visual,letters,16,6,start,K,Z,0.0,0,Z,3.0,0,
2026-09-22T06:17:36,Seb,free_recall,baseline,2,visual,letters,16,7,middle,S,R,1.0,0,R,3.0,0,
2026-09-22T06:17:36,Seb,free_recall,baseline,2,visual,letters,16,8,middle,G,E,1.0,0,E,3.0,0,
2026-09-22T06:17:36,Seb,free_recall,baseline,2,visual,letters,16,9,middle,Z,Z,1.0,1,,3.0,0,
2026-09-22T06:17:36,Seb,free_recall,baseline,2,visual,letters,16,10,middle,R,W,1.0,0,W,3.0,0,
2026-09-22T06:17:36,Seb,free_recall,baseline,2,visual,letters,16,11,middle,J,M,0.0,0,M,3.0,0,
2026-09-22T06:17:36,Seb,free_recall,baseline,2,visual,letters,16,12,end,Z,X,1.0,0,X,3.0,0,
2026-09-22T06:17:36,Seb,free_recall,baseline,2,visual,letters,16,13,end,W,N,1.0,0,N,3.0,0,
2026-09-22T06:17:36,Seb,free_recall,baseline,2,visual,letters,16,14,end,L,C,0.0,0,C,3.0,0,
2026-09-22T06:17:36,Seb,free_recall,baseline,2,visual,letters,16,15,end,N,E,1.0,0,E,3.0,0,
2026-09-22T06:17:36,Seb,free_recall,baseline,2,visual,letters,16,16,end,A,D,0.0,0,D,3.0,0,
2026-09-22T06:19:05,Seb,free_recall,baseline,3,visual,letters,16,1,start,Z,S,0.0,0,S,3.0,0,
2026-09-22T06:19:05,Seb,free_recall,baseline,3,visual,letters,16,2,start,L,Q,0.0,0,Q,3.0,0,
2026-09-22T06:19:05,Seb,free_recall,baseline,3,visual,letters,16,3,start,B,D,1.0,0,D,3.0,0,
2026-09-22T06:19:05,Seb,free_recall,baseline,3,visual,letters,16,4,start,F,I,1.0,0,I,3.0,0,
2026-09-22T06:19:05,Seb,free_recall,baseline,3,visual,letters,16,5,start,B,O,1.0,0,O,3.0,0,
2026-09-22T06:19:05,Seb,free_recall,baseline,3,visual,letters,16,6,start,B,V,1.0,0,V,3.0,0,
2026-09-22T06:19:05,Seb,free_recall,baseline,3,visual,letters,16,7,middle,S,V,1.0,0,V,3.0,0,
2026-09-22T06:19:05,Seb,free_recall,baseline,3,visual,letters,16,8,middle,Q,B,1.0,0,B,3.0,0,
2026-09-22T06:19:05,Seb,free_recall,baseline,3,visual,letters,16,9,middle,Z,B,0.0,0,B,3.0,0,
2026-09-22T06:19:05,Seb,free_recall,baseline,3,visual,letters,16,10,middle,U,B,0.0,0,B,3.0,0,
2026-09-22T06:19:05,Seb,free_recall,baseline,3,visual,letters,16,11,middle,D,F,1.0,0,F,3.0,0,
2026-09-22T06:19:05,Seb,free_recall,baseline,3,visual,letters,16,12,end,I,X,1.0,0,X,3.0,0,
2026-09-22T06:19:05,Seb,free_recall,baseline,3,visual,letters,16,13,end,U,N,0.0,0,N,3.0,0,
2026-09-22T06:19:05,Seb,free_recall,baseline,3,visual,letters,16,14,end,V,N,1.0,0,N,3.0,0,
2026-09-22T06:19:05,Seb,free_recall,baseline,3,visual,letters,16,15,end,V,M,1.0,0,M,3.0,0,
2026-09-22T06:19:05,Seb,free_recall,baseline,3,visual,letters,16,16,end,O,M,1.0,0,M,3.0,0,
2026-09-22T07:02:14,Seb,free_recall,fast_rate,1,visual,letters,16,1,start,H,R,1.0,0,R,1.0,0,
2026-09-22T07:02:14,Seb,free_recall,fast_rate,1,visual,letters,16,2,start,T,R,1.0,0,R,1.0,0,
2026-09-22T07:02:14,Seb,free_recall,fast_rate,1,visual,letters,16,3,start,A,T,1.0,0,T,1.0,0,
2026-09-22T07:02:14,Seb,free_recall,fast_rate,1,visual,letters,16,4,start,J,T,1.0,0,T,1.0,0,
2026-09-22T07:02:14,Seb,free_recall,fast_rate,1,visual,letters,16,5,start,T,H,1.0,0,H,1.0,0,
2026-09-22T07:02:14,Seb,free_recall,fast_rate,1,visual,letters,16,6,start,C,A,0.0,0,A,1.0,0,
2026-09-22T07:02:14,Seb,free_recall,fast_rate,1,visual,letters,16,7,middle,K,J,0.0,0,J,1.0,0,
2026-09-22T07:02:14,Seb,free_recall,fast_rate,1,visual,letters,16,8,middle,C,W,0.0,0,W,1.0,0,
2026-09-22T07:02:14,Seb,free_recall,fast_rate,1,visual,letters,16,9,middle,F,H,0.0,0,H,1.0,0,
2026-09-22T07:02:14,Seb,free_recall,fast_rate,1,visual,letters,16,10,middle,J,I,1.0,0,I,1.0,0,
2026-09-22T07:02:14,Seb,free_recall,fast_rate,1,visual,letters,16,11,middle,W,O,1.0,0,O,1.0,0,
2026-09-22T07:02:14,Seb,free_recall,fast_rate,1,visual,letters,16,12,end,N,M,1.0,0,M,1.0,0,
2026-09-22T07:02:14,Seb,free_recall,fast_rate,1,visual,letters,16,13,end,M,N,1.0,0,N,1.0,0,
2026-09-22T07:02:14,Seb,free_recall,fast_rate,1,visual,letters,16,14,end,R,L,1.0,0,L,1.0,0,
2026-09-22T07:02:14,Seb,free_recall,fast_rate,1,visual,letters,16,15,end,K,J,0.0,0,J,1.0,0,
2026-09-22T07:02:14,Seb,free_recall,fast_rate,1,visual,letters,16,16,end,R,G,1.0,0,G,1.0,0,
2026-09-22T07:02:57,Seb,free_recall,fast_rate,2,visual,letters,16,1,start,I,M,1.0,0,M,1.0,0,
2026-09-22T07:02:57,Seb,free_recall,fast_rate,2,visual,letters,16,2,start,N,L,1.0,0,L,1.0,0,
2026-09-22T07:02:57,Seb,free_recall,fast_rate,2,visual,letters,16,3,start,M,B,0.5,0,B,1.0,0,
2026-09-22T07:02:57,Seb,free_recall,fast_rate,2,visual,letters,16,4,start,D,I,0.0,0,I,1.0,0,
2026-09-22T07:02:57,Seb,free_recall,fast_rate,2,visual,letters,16,5,start,L,N,1.0,0,N,1.0,0,
2026-09-22T07:02:57,Seb,free_recall,fast_rate,2,visual,letters,16,6,start,B,W,1.0,0,W,1.0,0,
2026-09-22T07:02:57,Seb,free_recall,fast_rate,2,visual,letters,16,7,middle,E,Z,1.0,0,Z,1.0,0,
2026-09-22T07:02:57,Seb,free_recall,fast_rate,2,visual,letters,16,8,middle,M,X,0.5,0,X,1.0,0,
2026-09-22T07:02:57,Seb,free_recall,fast_rate,2,visual,letters,16,9,middle,X,Y,1.0,0,Y,1.0,0,
2026-09-22T07:02:57,Seb,free_recall,fast_rate,2,visual,letters,16,10,middle,Y,O,1.0,0,O,1.0,0,
2026-09-22T07:02:57,Seb,free_recall,fast_rate,2,visual,letters,16,11,middle,D,I,0.0,0,I,1.0,0,
2026-09-22T07:02:57,Seb,free_recall,fast_rate,2,visual,letters,16,12,end,G,J,0.0,0,J,1.0,0,
2026-09-22T07:02:57,Seb,free_recall,fast_rate,2,visual,letters,16,13,end,W,L,1.0,0,L,1.0,0,
2026-09-22T07:02:57,Seb,free_recall,fast_rate,2,visual,letters,16,14,end,T,A,0.0,0,A,1.0,0,
2026-09-22T07:02:57,Seb,free_recall,fast_rate,2,visual,letters,16,15,end,A,E,1.0,0,E,1.0,0,
2026-09-22T07:02:57,Seb,free_recall,fast_rate,2,visual,letters,16,16,end,Z,R,1.0,0,R,1.0,0,
2026-09-22T07:03:31,Seb,free_recall,fast_rate,3,visual,letters,16,1,start,V,Y,0.0,0,Y,1.0,0,
2026-09-22T07:03:31,Seb,free_recall,fast_rate,3,visual,letters,16,2,start,M,Y,1.0,0,Y,1.0,0,
2026-09-22T07:03:31,Seb,free_recall,fast_rate,3,visual,letters,16,3,start,O,Y,0.5,0,Y,1.0,0,
2026-09-22T07:03:31,Seb,free_recall,fast_rate,3,visual,letters,16,4,start,X,X,1.0,1,,1.0,0,
2026-09-22T07:03:31,Seb,free_recall,fast_rate,3,visual,letters,16,5,start,I,X,0.5,0,X,1.0,0,
2026-09-22T07:03:31,Seb,free_recall,fast_rate,3,visual,letters,16,6,start,Y,Z,1.0,0,Z,1.0,0,
2026-09-22T07:03:31,Seb,free_recall,fast_rate,3,visual,letters,16,7,middle,X,O,1.0,0,O,1.0,0,
2026-09-22T07:03:31,Seb,free_recall,fast_rate,3,visual,letters,16,8,middle,A,A,1.0,1,,1.0,0,
2026-09-22T07:03:31,Seb,free_recall,fast_rate,3,visual,letters,16,9,middle,Z,W,1.0,0,W,1.0,0,
2026-09-22T07:03:31,Seb,free_recall,fast_rate,3,visual,letters,16,10,middle,Y,S,1.0,0,S,1.0,0,
2026-09-22T07:03:31,Seb,free_recall,fast_rate,3,visual,letters,16,11,middle,S,I,1.0,0,I,1.0,0,
2026-09-22T07:03:31,Seb,free_recall,fast_rate,3,visual,letters,16,12,end,L,G,0.0,0,G,1.0,0,
2026-09-22T07:03:31,Seb,free_recall,fast_rate,3,visual,letters,16,13,end,Y,F,1.0,0,F,1.0,0,
2026-09-22T07:03:31,Seb,free_recall,fast_rate,3,visual,letters,16,14,end,F,H,1.0,0,H,1.0,0,
2026-09-22T07:03:31,Seb,free_recall,fast_rate,3,visual,letters,16,15,end,I,M,0.5,0,M,1.0,0,
2026-09-22T07:03:31,Seb,free_recall,fast_rate,3,visual,letters,16,16,end,O,N,0.5,0,N,1.0,0,
2026-09-22T07:10:04,Seb,free_recall,working_memory,1,visual,letters,16,1,start,U,L,0.5,0,L,3.0,0,
2026-09-22T07:10:04,Seb,free_recall,working_memory,1,visual,letters,16,2,start,O,M,1.0,0,M,3.0,0,
2026-09-22T07:10:04,Seb,free_recall,working_memory,1,visual,letters,16,3,start,Y,A,0.0,0,A,3.0,0,
2026-09-22T07:10:04,Seb,free_recall,working_memory,1,visual,letters,16,4,start,R,O,1.0,0,O,3.0,0,
2026-09-22T07:10:04,Seb,free_recall,working_memory,1,visual,letters,16,5,start,E,U,0.0,0,U,3.0,0,
2026-09-22T07:10:04,Seb,free_recall,working_memory,1,visual,letters,16,6,start,C,Q,0.0,0,Q,3.0,0,
2026-09-22T07:10:04,Seb,free_recall,working_memory,1,visual,letters,16,7,middle,Q,H,1.0,0,H,3.0,0,
2026-09-22T07:10:04,Seb,free_recall,working_memory,1,visual,letters,16,8,middle,L,A,1.0,0,A,3.0,0,
2026-09-22T07:10:04,Seb,free_recall,working_memory,1,visual,letters,16,9,middle,A,O,0.666667,0,O,3.0,0,
2026-09-22T07:10:04,Seb,free_recall,working_memory,1,visual,letters,16,10,middle,M,I,1.0,0,I,3.0,0,
2026-09-22T07:10:04,Seb,free_recall,working_memory,1,visual,letters,16,11,middle,A,R,0.666667,0,R,3.0,0,
2026-09-22T07:10:04,Seb,free_recall,working_memory,1,visual,letters,16,12,end,H,T,1.0,0,T,3.0,0,
2026-09-22T07:10:04,Seb,free_recall,working_memory,1,visual,letters,16,13,end,U,V,0.5,0,V,3.0,0,
2026-09-22T07:10:04,Seb,free_recall,working_memory,1,visual,letters,16,14,end,O,N,1.0,0,N,3.0,0,
2026-09-22T07:10:04,Seb,free_recall,working_memory,1,visual,letters,16,15,end,A,M,0.666667,0,M,3.0,0,
2026-09-22T07:10:04,Seb,free_recall,working_memory,1,visual,letters,16,16,end,C,S,0.0,0,S,3.0,0,
2026-09-22T07:11:42,Seb,free_recall,working_memory,2,visual,letters,16,1,start,Q,V,1.0,0,V,3.0,0,
2026-09-22T07:11:42,Seb,free_recall,working_memory,2,visual,letters,16,2,start,B,V,0.0,0,V,3.0,0,
2026-09-22T07:11:42,Seb,free_recall,working_memory,2,visual,letters,16,3,start,V,O,0.666667,0,O,3.0,0,
2026-09-22T07:11:42,Seb,free_recall,working_memory,2,visual,letters,16,4,start,O,I,1.0,0,I,3.0,0,
2026-09-22T07:11:42,Seb,free_recall,working_memory,2,visual,letters,16,5,start,E,H,1.0,0,H,3.0,0,
2026-09-22T07:11:42,Seb,free_recall,working_memory,2,visual,letters,16,6,start,R,G,1.0,0,G,3.0,0,
2026-09-22T07:11:42,Seb,free_recall,working_memory,2,visual,letters,16,7,middle,P,J,0.0,0,J,3.0,0,
2026-09-22T07:11:42,Seb,free_recall,working_memory,2,visual,letters,16,8,middle,V,Z,0.666667,0,Z,3.0,0,
2026-09-22T07:11:42,Seb,free_recall,working_memory,2,visual,letters,16,9,middle,L,X,1.0,0,X,3.0,0,
2026-09-22T07:11:42,Seb,free_recall,working_memory,2,visual,letters,16,10,middle,Z,Q,0.5,0,Q,3.0,0,
2026-09-22T07:11:42,Seb,free_recall,working_memory,2,visual,letters,16,11,middle,T,A,0.0,0,A,3.0,0,
2026-09-22T07:11:42,Seb,free_recall,working_memory,2,visual,letters,16,12,end,P,S,0.0,0,S,3.0,0,
2026-09-22T07:11:42,Seb,free_recall,working_memory,2,visual,letters,16,13,end,P,W,0.0,0,W,3.0,0,
2026-09-22T07:11:42,Seb,free_recall,working_memory,2,visual,letters,16,14,end,Z,E,0.5,0,E,3.0,0,
2026-09-22T07:11:42,Seb,free_recall,working_memory,2,visual,letters,16,15,end,V,R,0.666667,0,R,3.0,0,
2026-09-22T07:11:42,Seb,free_recall,working_memory,2,visual,letters,16,16,end,C,L,0.0,0,L,3.0,0,
2026-09-22T07:13:18,Seb,free_recall,working_memory,3,visual,letters,16,1,start,O,O,0.5,1,,3.0,0,
2026-09-22T07:13:18,Seb,free_recall,working_memory,3,visual,letters,16,2,start,B,B,1.0,1,,3.0,0,
2026-09-22T07:13:18,Seb,free_recall,working_memory,3,visual,letters,16,3,start,P,V,0.0,0,V,3.0,0,
2026-09-22T07:13:18,Seb,free_recall,working_memory,3,visual,letters,16,4,start,V,H,1.0,0,H,3.0,0,
2026-09-22T07:13:18,Seb,free_recall,working_memory,3,visual,letters,16,5,start,H,L,1.0,0,L,3.0,0,
2026-09-22T07:13:18,Seb,free_recall,working_memory,3,visual,letters,16,6,start,N,H,0.0,0,H,3.0,0,
2026-09-22T07:13:18,Seb,free_recall,working_memory,3,visual,letters,16,7,middle,Q,A,1.0,0,A,3.0,0,
2026-09-22T07:13:18,Seb,free_recall,working_memory,3,visual,letters,16,8,middle,X,J,0.0,0,J,3.0,0,
2026-09-22T07:13:18,Seb,free_recall,working_memory,3,visual,letters,16,9,middle,O,W,0.5,0,W,3.0,0,
2026-09-22T07:13:18,Seb,free_recall,working_memory,3,visual,letters,16,10,middle,T,Z,1.0,0,Z,3.0,0,
2026-09-22T07:13:18,Seb,free_recall,working_memory,3,visual,letters,16,11,middle,A,Q,0.5,0,Q,3.0,0,
2026-09-22T07:13:18,Seb,free_recall,working_memory,3,visual,letters,16,12,end,L,R,1.0,0,R,3.0,0,
2026-09-22T07:13:18,Seb,free_recall,working_memory,3,visual,letters,16,13,end,M,F,0.0,0,F,3.0,0,
2026-09-22T07:13:18,Seb,free_recall,working_memory,3,visual,letters,16,14,end,Z,T,1.0,0,T,3.0,0,
2026-09-22T07:13:18,Seb,free_recall,working_memory,3,visual,letters,16,15,end,H,L,1.0,0,L,3.0,0,
2026-09-22T07:13:18,Seb,free_recall,working_memory,3,visual,letters,16,16,end,A,K,0.5,0,K,3.0,0,
2026-09-22T07:14:54,Seb,serial_recall,capacity_n4,1,visual,letters,4,1,start,F,F,1.0,1,,3.0,0,
2026-09-22T07:14:54,Seb,serial_recall,capacity_n4,1,visual,letters,4,2,start,F,F,1.0,1,,3.0,0,
2026-09-22T07:14:54,Seb,serial_recall,capacity_n4,1,visual,letters,4,3,middle,T,T,1.0,1,,3.0,0,
2026-09-22T07:14:54,Seb,serial_recall,capacity_n4,1,visual,letters,4,4,end,Y,Y,1.0,1,,3.0,0,
2026-09-22T07:15:12,Seb,serial_recall,capacity_n4,2,visual,letters,4,1,start,U,U,1.0,1,,3.0,0,
2026-09-22T07:15:12,Seb,serial_recall,capacity_n4,2,visual,letters,4,2,start,X,X,1.0,1,,3.0,0,
2026-09-22T07:15:12,Seb,serial_recall,capacity_n4,2,visual,letters,4,3,middle,F,F,1.0,1,,3.0,0,
2026-09-22T07:15:12,Seb,serial_recall,capacity_n4,2,visual,letters,4,4,end,D,D,1.0,1,,3.0,0,
2026-09-22T07:15:29,Seb,serial_recall,capacity_n4,3,visual,letters,4,1,start,X,X,1.0,1,,3.0,0,
2026-09-22T07:15:29,Seb,serial_recall,capacity_n4,3,visual,letters,4,2,start,F,F,1.0,1,,3.0,0,
2026-09-22T07:15:29,Seb,serial_recall,capacity_n4,3,visual,letters,4,3,middle,H,H,1.0,1,,3.0,0,
2026-09-22T07:15:29,Seb,serial_recall,capacity_n4,3,visual,letters,4,4,end,Q,Q,1.0,1,,3.0,0,
2026-09-22T07:15:47,Seb,serial_recall,capacity_n4,4,visual,letters,4,1,start,R,R,1.0,1,,3.0,0,
2026-09-22T07:15:47,Seb,serial_recall,capacity_n4,4,visual,letters,4,2,start,I,I,1.0,1,,3.0,0,
2026-09-22T07:15:47,Seb,serial_recall,capacity_n4,4,visual,letters,4,3,middle,Y,Y,1.0,1,,3.0,0,
2026-09-22T07:15:47,Seb,serial_recall,capacity_n4,4,visual,letters,4,4,end,V,V,1.0,1,,3.0,0,
2026-09-22T07:16:04,Seb,serial_recall,capacity_n4,5,visual,letters,4,1,start,I,I,1.0,1,,3.0,0,
2026-09-22T07:16:04,Seb,serial_recall,capacity_n4,5,visual,letters,4,2,start,C,C,1.0,1,,3.0,0,
2026-09-22T07:16:04,Seb,serial_recall,capacity_n4,5,visual,letters,4,3,middle,K,K,1.0,1,,3.0,0,
2026-09-22T07:16:04,Seb,serial_recall,capacity_n4,5,visual,letters,4,4,end,D,D,1.0,1,,3.0,0,
2026-09-22T07:16:20,Seb,serial_recall,capacity_n4,6,visual,letters,4,1,start,D,D,1.0,1,,3.0,0,
2026-09-22T07:16:20,Seb,serial_recall,capacity_n4,6,visual,letters,4,2,start,T,T,1.0,1,,3.0,0,
2026-09-22T07:16:20,Seb,serial_recall,capacity_n4,6,visual,letters,4,3,middle,P,P,1.0,1,,3.0,0,
2026-09-22T07:16:20,Seb,serial_recall,capacity_n4,6,visual,letters,4,4,end,W,W,1.0,1,,3.0,0,
2026-09-22T07:16:42,Seb,serial_recall,capacity_n5,7,visual,letters,5,1,start,D,D,1.0,1,,3.0,0,
2026-09-22T07:16:42,Seb,serial_recall,capacity_n5,7,visual,letters,5,2,start,Z,Z,1.0,1,,3.0,0,
2026-09-22T07:16:42,Seb,serial_recall,capacity_n5,7,visual,letters,5,3,middle,O,O,1.0,1,,3.0,0,
2026-09-22T07:16:42,Seb,serial_recall,capacity_n5,7,visual,letters,5,4,middle,F,F,1.0,1,,3.0,0,
2026-09-22T07:16:42,Seb,serial_recall,capacity_n5,7,visual,letters,5,5,end,N,N,1.0,1,,3.0,0,
2026-09-22T07:17:02,Seb,serial_recall,capacity_n5,8,visual,letters,5,1,start,P,P,1.0,1,,3.0,0,
2026-09-22T07:17:02,Seb,serial_recall,capacity_n5,8,visual,letters,5,2,start,Q,Q,1.0,1,,3.0,0,
2026-09-22T07:17:02,Seb,serial_recall,capacity_n5,8,visual,letters,5,3,middle,T,T,1.0,1,,3.0,0,
2026-09-22T07:17:02,Seb,serial_recall,capacity_n5,8,visual,letters,5,4,middle,Z,Z,1.0,1,,3.0,0,
2026-09-22T07:17:02,Seb,serial_recall,capacity_n5,8,visual,letters,5,5,end,C,C,1.0,1,,3.0,0,
2026-09-22T07:17:23,Seb,serial_recall,capacity_n5,9,visual,letters,5,1,start,T,T,1.0,1,,3.0,0,
2026-09-22T07:17:23,Seb,serial_recall,capacity_n5,9,visual,letters,5,2,start,G,G,1.0,1,,3.0,0,
2026-09-22T07:17:23,Seb,serial_recall,capacity_n5,9,visual,letters,5,3,middle,C,C,1.0,1,,3.0,0,
2026-09-22T07:17:23,Seb,serial_recall,capacity_n5,9,visual,letters,5,4,middle,O,O,1.0,1,,3.0,0,
2026-09-22T07:17:23,Seb,serial_recall,capacity_n5,9,visual,letters,5,5,end,F,F,1.0,1,,3.0,0,
2026-09-22T07:17:44,Seb,serial_recall,capacity_n5,10,visual,letters,5,1,start,E,E,1.0,1,,3.0,0,
2026-09-22T07:17:44,Seb,serial_recall,capacity_n5,10,visual,letters,5,2,start,U,U,1.0,1,,3.0,0,
2026-09-22T07:17:44,Seb,serial_recall,capacity_n5,10,visual,letters,5,3,middle,V,V,1.0,1,,3.0,0,
2026-09-22T07:17:44,Seb,serial_recall,capacity_n5,10,visual,letters,5,4,middle,A,A,1.0,1,,3.0,0,
2026-09-22T07:17:44,Seb,serial_recall,capacity_n5,10,visual,letters,5,5,end,F,F,1.0,1,,3.0,0,
2026-09-22T07:18:05,Seb,serial_recall,capacity_n5,11,visual,letters,5,1,start,K,K,1.0,1,,3.0,0,
2026-09-22T07:18:05,Seb,serial_recall,capacity_n5,11,visual,letters,5,2,start,C,C,1.0,1,,3.0,0,
2026-09-22T07:18:05,Seb,serial_recall,capacity_n5,11,visual,letters,5,3,middle,F,F,1.0,1,,3.0,0,
2026-09-22T07:18:05,Seb,serial_recall,capacity_n5,11,visual,letters,5,4,middle,G,G,1.0,1,,3.0,0,
2026-09-22T07:18:05,Seb,serial_recall,capacity_n5,11,visual,letters,5,5,end,D,D,1.0,1,,3.0,0,
2026-09-22T07:18:25,Seb,serial_recall,capacity_n5,12,visual,letters,5,1,start,E,E,1.0,1,,3.0,0,
2026-09-22T07:18:25,Seb,serial_recall,capacity_n5,12,visual,letters,5,2,start,F,F,1.0,1,,3.0,0,
2026-09-22T07:18:25,Seb,serial_recall,capacity_n5,12,visual,letters,5,3,middle,I,I,1.0,1,,3.0,0,
2026-09-22T07:18:25,Seb,serial_recall,capacity_n5,12,visual,letters,5,4,middle,X,X,1.0,1,,3.0,0,
2026-09-22T07:18:25,Seb,serial_recall,capacity_n5,12,visual,letters,5,5,end,B,B,1.0,1,,3.0,0,
2026-09-22T07:18:48,Seb,serial_recall,capacity_n6,13,visual,letters,6,1,start,C,C,1.0,1,,3.0,0,
2026-09-22T07:18:48,Seb,serial_recall,capacity_n6,13,visual,letters,6,2,start,S,S,1.0,1,,3.0,0,
2026-09-22T07:18:48,Seb,serial_recall,capacity_n6,13,visual,letters,6,3,middle,V,V,1.0,1,,3.0,0,
2026-09-22T07:18:48,Seb,serial_recall,capacity_n6,13,visual,letters,6,4,middle,W,W,1.0,1,,3.0,0,
2026-09-22T07:18:48,Seb,serial_recall,capacity_n6,13,visual,letters,6,5,end,A,A,1.0,1,,3.0,0,
2026-09-22T07:18:48,Seb,serial_recall,capacity_n6,13,visual,letters,6,6,end,K,K,1.0,1,,3.0,0,
2026-09-22T07:19:12,Seb,serial_recall,capacity_n6,14,visual,letters,6,1,start,F,F,1.0,1,,3.0,0,
2026-09-22T07:19:12,Seb,serial_recall,capacity_n6,14,visual,letters,6,2,start,V,V,1.0,1,,3.0,0,
2026-09-22T07:19:12,Seb,serial_recall,capacity_n6,14,visual,letters,6,3,middle,T,T,1.0,1,,3.0,0,
2026-09-22T07:19:12,Seb,serial_recall,capacity_n6,14,visual,letters,6,4,middle,W,W,1.0,1,,3.0,0,
2026-09-22T07:19:12,Seb,serial_recall,capacity_n6,14,visual,letters,6,5,end,B,B,1.0,1,,3.0,0,
2026-09-22T07:19:12,Seb,serial_recall,capacity_n6,14,visual,letters,6,6,end,W,W,1.0,1,,3.0,0,
2026-09-22T07:19:36,Seb,serial_recall,capacity_n6,15,visual,letters,6,1,start,M,M,1.0,1,,3.0,0,
2026-09-22T07:19:36,Seb,serial_recall,capacity_n6,15,visual,letters,6,2,start,G,G,1.0,1,,3.0,0,
2026-09-22T07:19:36,Seb,serial_recall,capacity_n6,15,visual,letters,6,3,middle,Z,Z,1.0,1,,3.0,0,
2026-09-22T07:19:36,Seb,serial_recall,capacity_n6,15,visual,letters,6,4,middle,U,U,1.0,1,,3.0,0,
2026-09-22T07:19:36,Seb,serial_recall,capacity_n6,15,visual,letters,6,5,end,C,C,1.0,1,,3.0,0,
2026-09-22T07:19:36,Seb,serial_recall,capacity_n6,15,visual,letters,6,6,end,T,T,1.0,1,,3.0,0,
2026-09-22T07:20:00,Seb,serial_recall,capacity_n6,16,visual,letters,6,1,start,S,S,1.0,1,,3.0,0,
2026-09-22T07:20:00,Seb,serial_recall,capacity_n6,16,visual,letters,6,2,start,O,O,1.0,1,,3.0,0,
2026-09-22T07:20:00,Seb,serial_recall,capacity_n6,16,visual,letters,6,3,middle,X,X,1.0,1,,3.0,0,
2026-09-22T07:20:00,Seb,serial_recall,capacity_n6,16,visual,letters,6,4,middle,Y,Y,1.0,1,,3.0,0,
2026-09-22T07:20:00,Seb,serial_recall,capacity_n6,16,visual,letters,6,5,end,H,H,1.0,1,,3.0,0,
2026-09-22T07:20:00,Seb,serial_recall,capacity_n6,16,visual,letters,6,6,end,U,U,1.0,1,,3.0,0,
2026-09-22T07:20:24,Seb,serial_recall,capacity_n6,17,visual,letters,6,1,start,S,S,1.0,1,,3.0,0,
2026-09-22T07:20:24,Seb,serial_recall,capacity_n6,17,visual,letters,6,2,start,B,B,1.0,1,,3.0,0,
2026-09-22T07:20:24,Seb,serial_recall,capacity_n6,17,visual,letters,6,3,middle,E,E,1.0,1,,3.0,0,
2026-09-22T07:20:24,Seb,serial_recall,capacity_n6,17,visual,letters,6,4,middle,T,T,1.0,1,,3.0,0,
2026-09-22T07:20:24,Seb,serial_recall,capacity_n6,17,visual,letters,6,5,end,B,B,1.0,1,,3.0,0,
2026-09-22T07:20:24,Seb,serial_recall,capacity_n6,17,visual,letters,6,6,end,D,D,1.0,1,,3.0,0,
2026-09-22T07:20:57,Seb,serial_recall,capacity_n6,18,visual,letters,6,1,start,N,N,1.0,1,,3.0,0,
2026-09-22T07:20:57,Seb,serial_recall,capacity_n6,18,visual,letters,6,2,start,F,F,1.0,1,,3.0,0,
2026-09-22T07:20:57,Seb,serial_recall,capacity_n6,18,visual,letters,6,3,middle,E,E,1.0,1,,3.0,0,
2026-09-22T07:20:57,Seb,serial_recall,capacity_n6,18,visual,letters,6,4,middle,Q,Q,1.0,1,,3.0,0,
2026-09-22T07:20:57,Seb,serial_recall,capacity_n6,18,visual,letters,6,5,end,Z,Z,1.0,1,,3.0,0,
2026-09-22T07:20:57,Seb,serial_recall,capacity_n6,18,visual,letters,6,6,end,S,F,0.0,0,F,3.0,0,
2026-09-22T07:21:26,Seb,serial_recall,capacity_n7,19,visual,letters,7,1,start,D,D,1.0,1,,3.0,0,
2026-09-22T07:21:26,Seb,serial_recall,capacity_n7,19,visual,letters,7,2,start,G,G,1.0,1,,3.0,0,
2026-09-22T07:21:26,Seb,serial_recall,capacity_n7,19,visual,letters,7,3,start,L,L,1.0,1,,3.0,0,
2026-09-22T07:21:26,Seb,serial_recall,capacity_n7,19,visual,letters,7,4,middle,D,D,1.0,1,,3.0,0,
2026-09-22T07:21:26,Seb,serial_recall,capacity_n7,19,visual,letters,7,5,middle,R,R,1.0,1,,3.0,0,
2026-09-22T07:21:26,Seb,serial_recall,capacity_n7,19,visual,letters,7,6,end,C,C,1.0,1,,3.0,0,
2026-09-22T07:21:26,Seb,serial_recall,capacity_n7,19,visual,letters,7,7,end,E,E,1.0,1,,3.0,0,
2026-09-22T07:21:56,Seb,serial_recall,capacity_n7,20,visual,letters,7,1,start,U,U,1.0,1,,3.0,0,
2026-09-22T07:21:56,Seb,serial_recall,capacity_n7,20,visual,letters,7,2,start,T,T,1.0,1,,3.0,0,
2026-09-22T07:21:56,Seb,serial_recall,capacity_n7,20,visual,letters,7,3,start,K,K,1.0,1,,3.0,0,
2026-09-22T07:21:56,Seb,serial_recall,capacity_n7,20,visual,letters,7,4,middle,Y,Y,1.0,1,,3.0,0,
2026-09-22T07:21:56,Seb,serial_recall,capacity_n7,20,visual,letters,7,5,middle,Q,Q,1.0,1,,3.0,0,
2026-09-22T07:21:56,Seb,serial_recall,capacity_n7,20,visual,letters,7,6,end,C,C,1.0,1,,3.0,0,
2026-09-22T07:21:56,Seb,serial_recall,capacity_n7,20,visual,letters,7,7,end,B,B,1.0,1,,3.0,0,
2026-09-22T07:22:27,Seb,serial_recall,capacity_n7,21,visual,letters,7,1,start,R,R,1.0,1,,3.0,0,
2026-09-22T07:22:27,Seb,serial_recall,capacity_n7,21,visual,letters,7,2,start,M,M,1.0,1,,3.0,0,
2026-09-22T07:22:27,Seb,serial_recall,capacity_n7,21,visual,letters,7,3,start,X,X,1.0,1,,3.0,0,
2026-09-22T07:22:27,Seb,serial_recall,capacity_n7,21,visual,letters,7,4,middle,K,K,1.0,1,,3.0,0,
2026-09-22T07:22:27,Seb,serial_recall,capacity_n7,21,visual,letters,7,5,middle,X,X,1.0,1,,3.0,0,
2026-09-22T07:22:27,Seb,serial_recall,capacity_n7,21,visual,letters,7,6,end,Z,Z,1.0,1,,3.0,0,
2026-09-22T07:22:27,Seb,serial_recall,capacity_n7,21,visual,letters,7,7,end,Z,Z,1.0,1,,3.0,0,
2026-09-22T07:23:06,Seb,serial_recall,capacity_n7,22,visual,letters,7,1,start,O,O,1.0,1,,3.0,0,
2026-09-22T07:23:06,Seb,serial_recall,capacity_n7,22,visual,letters,7,2,start,Y,Y,1.0,1,,3.0,0,
2026-09-22T07:23:06,Seb,serial_recall,capacity_n7,22,visual,letters,7,3,start,M,M,1.0,1,,3.0,0,
2026-09-22T07:23:06,Seb,serial_recall,capacity_n7,22,visual,letters,7,4,middle,S,S,1.0,1,,3.0,0,
2026-09-22T07:23:06,Seb,serial_recall,capacity_n7,22,visual,letters,7,5,middle,Y,V,1.0,0,V,3.0,0,
2026-09-22T07:23:06,Seb,serial_recall,capacity_n7,22,visual,letters,7,6,end,V,Y,1.0,0,Y,3.0,0,
2026-09-22T07:23:06,Seb,serial_recall,capacity_n7,22,visual,letters,7,7,end,L,M,0.0,0,M,3.0,0,
2026-09-22T07:29:16,Seb,serial_recall,capacity_n7,23,visual,letters,7,1,start,A,A,1.0,1,,3.0,0,
2026-09-22T07:29:16,Seb,serial_recall,capacity_n7,23,visual,letters,7,2,start,O,O,1.0,1,,3.0,0,
2026-09-22T07:29:16,Seb,serial_recall,capacity_n7,23,visual,letters,7,3,start,C,C,1.0,1,,3.0,0,
2026-09-22T07:29:16,Seb,serial_recall,capacity_n7,23,visual,letters,7,4,middle,B,B,1.0,1,,3.0,0,
2026-09-22T07:29:16,Seb,serial_recall,capacity_n7,23,visual,letters,7,5,middle,B,B,1.0,1,,3.0,0,
2026-09-22T07:29:16,Seb,serial_recall,capacity_n7,23,visual,letters,7,6,end,J,J,1.0,1,,3.0,0,
2026-09-22T07:29:16,Seb,serial_recall,capacity_n7,23,visual,letters,7,7,end,E,E,1.0,1,,3.0,0,
2026-09-22T07:34:23,Seb,serial_recall,capacity_n7,24,visual,letters,7,1,start,D,D,1.0,1,,3.0,0,
2026-09-22T07:34:23,Seb,serial_recall,capacity_n7,24,visual,letters,7,2,start,W,W,1.0,1,,3.0,0,
2026-09-22T07:34:23,Seb,serial_recall,capacity_n7,24,visual,letters,7,3,start,M,M,1.0,1,,3.0,0,
2026-09-22T07:34:23,Seb,serial_recall,capacity_n7,24,visual,letters,7,4,middle,T,T,1.0,1,,3.0,0,
2026-09-22T07:34:23,Seb,serial_recall,capacity_n7,24,visual,letters,7,5,middle,E,E,1.0,1,,3.0,0,
2026-09-22T07:34:23,Seb,serial_recall,capacity_n7,24,visual,letters,7,6,end,G,D,0.0,0,D,3.0,0,
2026-09-22T07:34:23,Seb,serial_recall,capacity_n7,24,visual,letters,7,7,end,U,U,1.0,1,,3.0,0,
2026-09-22T07:35:19,Seb,serial_recall,capacity_n8,25,visual,letters,8,1,start,F,N,0.0,0,N,3.0,0,
2026-09-22T07:35:19,Seb,serial_recall,capacity_n8,25,visual,letters,8,2,start,Q,Q,1.0,1,,3.0,0,
2026-09-22T07:35:19,Seb,serial_recall,capacity_n8,25,visual,letters,8,3,start,S,S,1.0,1,,3.0,0,
2026-09-22T07:35:19,Seb,serial_recall,capacity_n8,25,visual,letters,8,4,middle,C,D,0.0,0,D,3.0,0,
2026-09-22T07:35:19,Seb,serial_recall,capacity_n8,25,visual,letters,8,5,middle,D,Z,1.0,0,Z,3.0,0,
2026-09-22T07:35:19,Seb,serial_recall,capacity_n8,25,visual,letters,8,6,middle,Z,Q,1.0,0,Q,3.0,0,
2026-09-22T07:35:19,Seb,serial_recall,capacity_n8,25,visual,letters,8,7,end,K,W,0.0,0,W,3.0,0,
2026-09-22T07:35:19,Seb,serial_recall,capacity_n8,25,visual,letters,8,8,end,W,N,1.0,0,N,3.0,0,
2026-09-22T07:36:20,Seb,serial_recall,capacity_n8,26,visual,letters,8,1,start,B,N,1.0,0,N,3.0,0,
2026-09-22T07:36:20,Seb,serial_recall,capacity_n8,26,visual,letters,8,2,start,V,Q,0.5,0,Q,3.0,0,
2026-09-22T07:36:20,Seb,serial_recall,capacity_n8,26,visual,letters,8,3,start,Q,B,1.0,0,B,3.0,0,
2026-09-22T07:36:20,Seb,serial_recall,capacity_n8,26,visual,letters,8,4,middle,P,E,0.0,0,E,3.0,0,
2026-09-22T07:36:20,Seb,serial_recall,capacity_n8,26,visual,letters,8,5,middle,K,B,0.0,0,B,3.0,0,
2026-09-22T07:36:20,Seb,serial_recall,capacity_n8,26,visual,letters,8,6,middle,V,V,0.5,1,,3.0,0,
2026-09-22T07:36:20,Seb,serial_recall,capacity_n8,26,visual,letters,8,7,end,C,Q,0.0,0,Q,3.0,0,
2026-09-22T07:36:20,Seb,serial_recall,capacity_n8,26,visual,letters,8,8,end,S,S,1.0,1,,3.0,0,
2026-09-22T07:37:23,Seb,serial_recall,capacity_n8,27,visual,letters,8,1,start,N,N,1.0,1,,3.0,0,
2026-09-22T07:37:23,Seb,serial_recall,capacity_n8,27,visual,letters,8,2,start,Q,Q,1.0,1,,3.0,0,
2026-09-22T07:37:23,Seb,serial_recall,capacity_n8,27,visual,letters,8,3,start,Y,V,1.0,0,V,3.0,0,
2026-09-22T07:37:23,Seb,serial_recall,capacity_n8,27,visual,letters,8,4,middle,Q,Q,1.0,1,,3.0,0,
2026-09-22T07:37:23,Seb,serial_recall,capacity_n8,27,visual,letters,8,5,middle,P,P,1.0,1,,3.0,0,
2026-09-22T07:37:23,Seb,serial_recall,capacity_n8,27,visual,letters,8,6,middle,F,F,1.0,1,,3.0,0,
2026-09-22T07:37:23,Seb,serial_recall,capacity_n8,27,visual,letters,8,7,end,Q,Y,1.0,0,Y,3.0,0,
2026-09-22T07:37:23,Seb,serial_recall,capacity_n8,27,visual,letters,8,8,end,H,Q,0.0,0,Q,3.0,0,
2026-09-22T07:37:58,Seb,serial_recall,capacity_n8,28,visual,letters,8,1,start,U,Q,0.0,0,Q,3.0,0,
2026-09-22T07:37:58,Seb,serial_recall,capacity_n8,28,visual,letters,8,2,start,T,N,0.5,0,N,3.0,0,
2026-09-22T07:37:58,Seb,serial_recall,capacity_n8,28,visual,letters,8,3,start,Y,Y,1.0,1,,3.0,0,
2026-09-22T07:37:58,Seb,serial_recall,capacity_n8,28,visual,letters,8,4,middle,N,N,1.0,1,,3.0,0,
2026-09-22T07:37:58,Seb,serial_recall,capacity_n8,28,visual,letters,8,5,middle,N,N,1.0,1,,3.0,0,
2026-09-22T07:37:58,Seb,serial_recall,capacity_n8,28,visual,letters,8,6,middle,G,G,1.0,1,,3.0,0,
2026-09-22T07:37:58,Seb,serial_recall,capacity_n8,28,visual,letters,8,7,end,T,T,0.5,1,,3.0,0,
2026-09-22T07:37:58,Seb,serial_recall,capacity_n8,28,visual,letters,8,8,end,D,D,1.0,1,,3.0,0,
2026-09-22T07:38:29,Seb,serial_recall,capacity_n8,29,visual,letters,8,1,start,D,D,1.0,1,,3.0,0,
2026-09-22T07:38:29,Seb,serial_recall,capacity_n8,29,visual,letters,8,2,start,P,P,1.0,1,,3.0,0,
2026-09-22T07:38:29,Seb,serial_recall,capacity_n8,29,visual,letters,8,3,start,N,N,1.0,1,,3.0,0,
2026-09-22T07:38:29,Seb,serial_recall,capacity_n8,29,visual,letters,8,4,middle,I,I,1.0,1,,3.0,0,
2026-09-22T07:38:29,Seb,serial_recall,capacity_n8,29,visual,letters,8,5,middle,H,H,1.0,1,,3.0,0,
2026-09-22T07:38:29,Seb,serial_recall,capacity_n8,29,visual,letters,8,6,middle,L,L,1.0,1,,3.0,0,
2026-09-22T07:38:29,Seb,serial_recall,capacity_n8,29,visual,letters,8,7,end,V,V,1.0,1,,3.0,0,
2026-09-22T07:38:29,Seb,serial_recall,capacity_n8,29,visual,letters,8,8,end,N,N,1.0,1,,3.0,0,
2026-09-22T07:39:05,Seb,serial_recall,capacity_n8,30,visual,letters,8,1,start,S,S,1.0,1,,3.0,0,
2026-09-22T07:39:05,Seb,serial_recall,capacity_n8,30,visual,letters,8,2,start,E,E,1.0,1,,3.0,0,
2026-09-22T07:39:05,Seb,serial_recall,capacity_n8,30,visual,letters,8,3,start,K,K,1.0,1,,3.0,0,
2026-09-22T07:39:05,Seb,serial_recall,capacity_n8,30,visual,letters,8,4,middle,M,M,1.0,1,,3.0,0,
2026-09-22T07:39:05,Seb,serial_recall,capacity_n8,30,visual,letters,8,5,middle,P,P,1.0,1,,3.0,0,
2026-09-22T07:39:05,Seb,serial_recall,capacity_n8,30,visual,letters,8,6,middle,E,E,1.0,1,,3.0,0,
2026-09-22T07:39:05,Seb,serial_recall,capacity_n8,30,visual,letters,8,7,end,Q,P,1.0,0,P,3.0,0,
2026-09-22T07:39:05,Seb,serial_recall,capacity_n8,30,visual,letters,8,8,end,O,Q,0.0,0,Q,3.0,0,
2026-09-22T07:40:10,Seb,serial_recall,capacity_n9,31,visual,letters,9,1,start,U,U,1.0,1,,3.0,0,
2026-09-22T07:40:10,Seb,serial_recall,capacity_n9,31,visual,letters,9,2,start,V,E,0.5,0,E,3.0,0,
2026-09-22T07:40:10,Seb,serial_recall,capacity_n9,31,visual,letters,9,3,start,D,D,1.0,1,,3.0,0,
2026-09-22T07:40:10,Seb,serial_recall,capacity_n9,31,visual,letters,9,4,middle,M,N,0.0,0,N,3.0,0,
2026-09-22T07:40:10,Seb,serial_recall,capacity_n9,31,visual,letters,9,5,middle,I,E,0.0,0,E,3.0,0,
2026-09-22T07:40:10,Seb,serial_recall,capacity_n9,31,visual,letters,9,6,middle,K,G,0.0,0,G,3.0,0,
2026-09-22T07:40:10,Seb,serial_recall,capacity_n9,31,visual,letters,9,7,end,V,V,0.5,1,,3.0,0,
2026-09-22T07:40:10,Seb,serial_recall,capacity_n9,31,visual,letters,9,8,end,O,O,1.0,1,,3.0,0,
2026-09-22T07:40:10,Seb,serial_recall,capacity_n9,31,visual,letters,9,9,end,P,P,1.0,1,,3.0,0,
2026-09-22T07:40:47,Seb,serial_recall,capacity_n9,32,visual,letters,9,1,start,S,S,1.0,1,,3.0,0,
2026-09-22T07:40:47,Seb,serial_recall,capacity_n9,32,visual,letters,9,2,start,D,V,1.0,0,V,3.0,0,
2026-09-22T07:40:47,Seb,serial_recall,capacity_n9,32,visual,letters,9,3,start,G,D,0.0,0,D,3.0,0,
2026-09-22T07:40:47,Seb,serial_recall,capacity_n9,32,visual,letters,9,4,middle,N,N,1.0,1,,3.0,0,
2026-09-22T07:40:47,Seb,serial_recall,capacity_n9,32,visual,letters,9,5,middle,Q,Q,0.5,1,,3.0,0,
2026-09-22T07:40:47,Seb,serial_recall,capacity_n9,32,visual,letters,9,6,middle,C,C,1.0,1,,3.0,0,
2026-09-22T07:40:47,Seb,serial_recall,capacity_n9,32,visual,letters,9,7,end,T,T,1.0,1,,3.0,0,
2026-09-22T07:40:47,Seb,serial_recall,capacity_n9,32,visual,letters,9,8,end,T,T,1.0,1,,3.0,0,
2026-09-22T07:40:47,Seb,serial_recall,capacity_n9,32,visual,letters,9,9,end,Q,E,0.5,0,E,3.0,0,
2026-09-22T07:41:23,Seb,serial_recall,capacity_n9,33,visual,letters,9,1,start,I,I,1.0,1,,3.0,0,
2026-09-22T07:41:23,Seb,serial_recall,capacity_n9,33,visual,letters,9,2,start,L,L,1.0,1,,3.0,0,
2026-09-22T07:41:23,Seb,serial_recall,capacity_n9,33,visual,letters,9,3,start,H,H,1.0,1,,3.0,0,
2026-09-22T07:41:23,Seb,serial_recall,capacity_n9,33,visual,letters,9,4,middle,F,F,1.0,1,,3.0,0,
2026-09-22T07:41:23,Seb,serial_recall,capacity_n9,33,visual,letters,9,5,middle,X,X,1.0,1,,3.0,0,
2026-09-22T07:41:23,Seb,serial_recall,capacity_n9,33,visual,letters,9,6,middle,G,G,1.0,1,,3.0,0,
2026-09-22T07:41:23,Seb,serial_recall,capacity_n9,33,visual,letters,9,7,end,B,B,1.0,1,,3.0,0,
2026-09-22T07:41:23,Seb,serial_recall,capacity_n9,33,visual,letters,9,8,end,G,G,1.0,1,,3.0,0,
2026-09-22T07:41:23,Seb,serial_recall,capacity_n9,33,visual,letters,9,9,end,B,B,1.0,1,,3.0,0,
2026-09-22T07:42:03,Seb,serial_recall,capacity_n9,34,visual,letters,9,1,start,E,E,1.0,1,,3.0,0,
2026-09-22T07:42:03,Seb,serial_recall,capacity_n9,34,visual,letters,9,2,start,G,G,1.0,1,,3.0,0,
2026-09-22T07:42:03,Seb,serial_recall,capacity_n9,34,visual,letters,9,3,start,E,E,1.0,1,,3.0,0,
2026-09-22T07:42:03,Seb,serial_recall,capacity_n9,34,visual,letters,9,4,middle,E,E,1.0,1,,3.0,0,
2026-09-22T07:42:03,Seb,serial_recall,capacity_n9,34,visual,letters,9,5,middle,A,A,1.0,1,,3.0,0,
2026-09-22T07:42:03,Seb,serial_recall,capacity_n9,34,visual,letters,9,6,middle,I,I,1.0,1,,3.0,0,
2026-09-22T07:42:03,Seb,serial_recall,capacity_n9,34,visual,letters,9,7,end,I,I,1.0,1,,3.0,0,
2026-09-22T07:42:03,Seb,serial_recall,capacity_n9,34,visual,letters,9,8,end,P,P,1.0,1,,3.0,0,
2026-09-22T07:42:03,Seb,serial_recall,capacity_n9,34,visual,letters,9,9,end,F,F,1.0,1,,3.0,0,
2026-09-22T07:42:39,Seb,serial_recall,capacity_n9,35,visual,letters,9,1,start,N,N,1.0,1,,3.0,0,
2026-09-22T07:42:39,Seb,serial_recall,capacity_n9,35,visual,letters,9,2,start,J,J,1.0,1,,3.0,0,
2026-09-22T07:42:39,Seb,serial_recall,capacity_n9,35,visual,letters,9,3,start,E,E,1.0,1,,3.0,0,
2026-09-22T07:42:39,Seb,serial_recall,capacity_n9,35,visual,letters,9,4,middle,U,U,1.0,1,,3.0,0,
2026-09-22T07:42:39,Seb,serial_recall,capacity_n9,35,visual,letters,9,5,middle,E,E,1.0,1,,3.0,0,
2026-09-22T07:42:39,Seb,serial_recall,capacity_n9,35,visual,letters,9,6,middle,I,I,1.0,1,,3.0,0,
2026-09-22T07:42:39,Seb,serial_recall,capacity_n9,35,visual,letters,9,7,end,X,X,1.0,1,,3.0,0,
2026-09-22T07:42:39,Seb,serial_recall,capacity_n9,35,visual,letters,9,8,end,K,K,1.0,1,,3.0,0,
2026-09-22T07:42:39,Seb,serial_recall,capacity_n9,35,visual,letters,9,9,end,D,D,1.0,1,,3.0,0,
2026-09-22T07:43:21,Seb,serial_recall,capacity_n9,36,visual,letters,9,1,start,D,D,1.0,1,,3.0,0,
2026-09-22T07:43:21,Seb,serial_recall,capacity_n9,36,visual,letters,9,2,start,B,P,0.0,0,P,3.0,0,
2026-09-22T07:43:21,Seb,serial_recall,capacity_n9,36,visual,letters,9,3,start,K,K,1.0,1,,3.0,0,
2026-09-22T07:43:21,Seb,serial_recall,capacity_n9,36,visual,letters,9,4,middle,J,J,1.0,1,,3.0,0,
2026-09-22T07:43:21,Seb,serial_recall,capacity_n9,36,visual,letters,9,5,middle,G,G,1.0,1,,3.0,0,
2026-09-22T07:43:21,Seb,serial_recall,capacity_n9,36,visual,letters,9,6,middle,P,P,1.0,1,,3.0,0,
2026-09-22T07:43:21,Seb,serial_recall,capacity_n9,36,visual,letters,9,7,end,A,A,1.0,1,,3.0,0,
2026-09-22T07:43:21,Seb,serial_recall,capacity_n9,36,visual,letters,9,8,end,F,I,0.0,0,I,3.0,0,
2026-09-22T07:43:21,Seb,serial_recall,capacity_n9,36,visual,letters,9,9,end,E,E,1.0,1,,3.0,0,
2026-09-22T07:43:58,Seb,serial_recall,capacity_n10,37,visual,letters,10,1,start,F,F,1.0,1,,3.0,0,
2026-09-22T07:43:58,Seb,serial_recall,capacity_n10,37,visual,letters,10,2,start,I,I,1.0,1,,3.0,0,
2026-09-22T07:43:58,Seb,serial_recall,capacity_n10,37,visual,letters,10,3,start,Z,Z,1.0,1,,3.0,0,
2026-09-22T07:43:58,Seb,serial_recall,capacity_n10,37,visual,letters,10,4,start,E,E,1.0,1,,3.0,0,
2026-09-22T07:43:58,Seb,serial_recall,capacity_n10,37,visual,letters,10,5,middle,X,X,1.0,1,,3.0,0,
2026-09-22T07:43:58,Seb,serial_recall,capacity_n10,37,visual,letters,10,6,middle,T,T,1.0,1,,3.0,0,
2026-09-22T07:43:58,Seb,serial_recall,capacity_n10,37,visual,letters,10,7,middle,X,X,1.0,1,,3.0,0,
2026-09-22T07:43:58,Seb,serial_recall,capacity_n10,37,visual,letters,10,8,end,D,D,1.0,1,,3.0,0,
2026-09-22T07:43:58,Seb,serial_recall,capacity_n10,37,visual,letters,10,9,end,P,P,1.0,1,,3.0,0,
2026-09-22T07:43:58,Seb,serial_recall,capacity_n10,37,visual,letters,10,10,end,Y,Y,1.0,1,,3.0,0,
2026-09-22T07:44:48,Seb,serial_recall,capacity_n10,38,visual,letters,10,1,start,H,H,1.0,1,,3.0,0,
2026-09-22T07:44:48,Seb,serial_recall,capacity_n10,38,visual,letters,10,2,start,W,W,1.0,1,,3.0,0,
2026-09-22T07:44:48,Seb,serial_recall,capacity_n10,38,visual,letters,10,3,start,V,V,1.0,1,,3.0,0,
2026-09-22T07:44:48,Seb,serial_recall,capacity_n10,38,visual,letters,10,4,start,X,X,1.0,1,,3.0,0,
2026-09-22T07:44:48,Seb,serial_recall,capacity_n10,38,visual,letters,10,5,middle,W,W,1.0,1,,3.0,0,
2026-09-22T07:44:48,Seb,serial_recall,capacity_n10,38,visual,letters,10,6,middle,X,X,1.0,1,,3.0,0,
2026-09-22T07:44:48,Seb,serial_recall,capacity_n10,38,visual,letters,10,7,middle,Q,Q,1.0,1,,3.0,0,
2026-09-22T07:44:48,Seb,serial_recall,capacity_n10,38,visual,letters,10,8,end,P,X,1.0,0,X,3.0,0,
2026-09-22T07:44:48,Seb,serial_recall,capacity_n10,38,visual,letters,10,9,end,C,P,1.0,0,P,3.0,0,
2026-09-22T07:44:48,Seb,serial_recall,capacity_n10,38,visual,letters,10,10,end,X,C,1.0,0,C,3.0,0,
2026-09-22T07:45:32,Seb,serial_recall,capacity_n10,39,visual,letters,10,1,start,F,F,1.0,1,,3.0,0,
2026-09-22T07:45:32,Seb,serial_recall,capacity_n10,39,visual,letters,10,2,start,J,J,0.5,1,,3.0,0,
2026-09-22T07:45:32,Seb,serial_recall,capacity_n10,39,visual,letters,10,3,start,B,B,1.0,1,,3.0,0,
2026-09-22T07:45:32,Seb,serial_recall,capacity_n10,39,visual,letters,10,4,start,Z,A,1.0,0,A,3.0,0,
2026-09-22T07:45:32,Seb,serial_recall,capacity_n10,39,visual,letters,10,5,middle,J,Z,0.5,0,Z,3.0,0,
2026-09-22T07:45:32,Seb,serial_recall,capacity_n10,39,visual,letters,10,6,middle,W,Y,1.0,0,Y,3.0,0,
2026-09-22T07:45:32,Seb,serial_recall,capacity_n10,39,visual,letters,10,7,middle,Y,W,1.0,0,W,3.0,0,
2026-09-22T07:45:32,Seb,serial_recall,capacity_n10,39,visual,letters,10,8,end,P,Q,0.0,0,Q,3.0,0,
2026-09-22T07:45:32,Seb,serial_recall,capacity_n10,39,visual,letters,10,9,end,N,N,1.0,1,,3.0,0,
2026-09-22T07:45:32,Seb,serial_recall,capacity_n10,39,visual,letters,10,10,end,U,U,1.0,1,,3.0,0,
2026-09-22T07:46:11,Seb,serial_recall,capacity_n10,40,visual,letters,10,1,start,J,J,1.0,1,,3.0,0,
2026-09-22T07:46:11,Seb,serial_recall,capacity_n10,40,visual,letters,10,2,start,C,C,1.0,1,,3.0,0,
2026-09-22T07:46:11,Seb,serial_recall,capacity_n10,40,visual,letters,10,3,start,H,H,1.0,1,,3.0,0,
2026-09-22T07:46:11,Seb,serial_recall,capacity_n10,40,visual,letters,10,4,start,U,O,0.0,0,O,3.0,0,
2026-09-22T07:46:11,Seb,serial_recall,capacity_n10,40,visual,letters,10,5,middle,Q,Q,1.0,1,,3.0,0,
2026-09-22T07:46:11,Seb,serial_recall,capacity_n10,40,visual,letters,10,6,middle,Y,Y,1.0,1,,3.0,0,
2026-09-22T07:46:11,Seb,serial_recall,capacity_n10,40,visual,letters,10,7,middle,H,H,1.0,1,,3.0,0,
2026-09-22T07:46:11,Seb,serial_recall,capacity_n10,40,visual,letters,10,8,end,O,O,1.0,1,,3.0,0,
2026-09-22T07:46:11,Seb,serial_recall,capacity_n10,40,visual,letters,10,9,end,J,J,1.0,1,,3.0,0,
2026-09-22T07:46:11,Seb,serial_recall,capacity_n10,40,visual,letters,10,10,end,I,I,1.0,1,,3.0,0,
2026-09-22T07:47:11,Seb,serial_recall,capacity_n10,41,visual,letters,10,1,start,Q,Y,0.0,0,Y,3.0,0,
2026-09-22T07:47:11,Seb,serial_recall,capacity_n10,41,visual,letters,10,2,start,M,S,1.0,0,S,3.0,0,
2026-09-22T07:47:11,Seb,serial_recall,capacity_n10,41,visual,letters,10,3,start,K,M,1.0,0,M,3.0,0,
2026-09-22T07:47:11,Seb,serial_recall,capacity_n10,41,visual,letters,10,4,start,S,K,1.0,0,K,3.0,0,
2026-09-22T07:47:11,Seb,serial_recall,capacity_n10,41,visual,letters,10,5,middle,B,C,0.0,0,C,3.0,0,
2026-09-22T07:47:11,Seb,serial_recall,capacity_n10,41,visual,letters,10,6,middle,K,K,1.0,1,,3.0,0,
2026-09-22T07:47:11,Seb,serial_recall,capacity_n10,41,visual,letters,10,7,middle,K,K,1.0,1,,3.0,0,
2026-09-22T07:47:11,Seb,serial_recall,capacity_n10,41,visual,letters,10,8,end,R,R,1.0,1,,3.0,0,
2026-09-22T07:47:11,Seb,serial_recall,capacity_n10,41,visual,letters,10,9,end,C,C,1.0,1,,3.0,0,
2026-09-22T07:47:11,Seb,serial_recall,capacity_n10,41,visual,letters,10,10,end,C,C,1.0,1,,3.0,0,
2026-09-22T07:48:02,Seb,serial_recall,capacity_n10,42,visual,letters,10,1,start,Q,Q,1.0,1,,3.0,0,
2026-09-22T07:48:02,Seb,serial_recall,capacity_n10,42,visual,letters,10,2,start,J,J,1.0,1,,3.0,0,
2026-09-22T07:48:02,Seb,serial_recall,capacity_n10,42,visual,letters,10,3,start,T,T,1.0,1,,3.0,0,
2026-09-22T07:48:02,Seb,serial_recall,capacity_n10,42,visual,letters,10,4,start,S,F,0.0,0,F,3.0,0,
2026-09-22T07:48:02,Seb,serial_recall,capacity_n10,42,visual,letters,10,5,middle,F,N,1.0,0,N,3.0,0,
2026-09-22T07:48:02,Seb,serial_recall,capacity_n10,42,visual,letters,10,6,middle,N,Y,1.0,0,Y,3.0,0,
2026-09-22T07:48:02,Seb,serial_recall,capacity_n10,42,visual,letters,10,7,middle,Y,T,1.0,0,T,3.0,0,
2026-09-22T07:48:02,Seb,serial_recall,capacity_n10,42,visual,letters,10,8,end,T,Z,1.0,0,Z,3.0,0,
2026-09-22T07:48:02,Seb,serial_recall,capacity_n10,42,visual,letters,10,9,end,Z,W,1.0,0,W,3.0,0,
2026-09-22T07:48:02,Seb,serial_recall,capacity_n10,42,visual,letters,10,10,end,W,M,1.0,0,M,3.0,0,
2026-09-22T07:48:45,Seb,serial_recall,capacity_n10,43,visual,letters,10,1,start,D,D,1.0,1,,3.0,0,
2026-09-22T07:48:45,Seb,serial_recall,capacity_n10,43,visual,letters,10,2,start,F,F,1.0,1,,3.0,0,
2026-09-22T07:48:45,Seb,serial_recall,capacity_n10,43,visual,letters,10,3,start,S,S,1.0,1,,3.0,0,
2026-09-22T07:48:45,Seb,serial_recall,capacity_n10,43,visual,letters,10,4,start,J,J,1.0,1,,3.0,0,
2026-09-22T07:48:45,Seb,serial_recall,capacity_n10,43,visual,letters,10,5,middle,H,H,1.0,1,,3.0,0,
2026-09-22T07:48:45,Seb,serial_recall,capacity_n10,43,visual,letters,10,6,middle,K,K,1.0,1,,3.0,0,
2026-09-22T07:48:45,Seb,serial_recall,capacity_n10,43,visual,letters,10,7,middle,P,P,1.0,1,,3.0,0,
2026-09-22T07:48:45,Seb,serial_recall,capacity_n10,43,visual,letters,10,8,end,J,J,1.0,1,,3.0,0,
2026-09-22T07:48:45,Seb,serial_recall,capacity_n10,43,visual,letters,10,9,end,V,F,0.0,0,F,3.0,0,
2026-09-22T07:48:45,Seb,serial_recall,capacity_n10,43,visual,letters,10,10,end,L,M,0.0,0,M,3.0,0,
2026-09-22T07:49:31,Seb,serial_recall,capacity_n10,44,visual,letters,10,1,start,W,W,1.0,1,,3.0,0,
2026-09-22T07:49:31,Seb,serial_recall,capacity_n10,44,visual,letters,10,2,start,U,U,1.0,1,,3.0,0,
2026-09-22T07:49:31,Seb,serial_recall,capacity_n10,44,visual,letters,10,3,start,I,Z,0.0,0,Z,3.0,0,
2026-09-22T07:49:31,Seb,serial_recall,capacity_n10,44,visual,letters,10,4,start,T,T,1.0,1,,3.0,0,
2026-09-22T07:49:31,Seb,serial_recall,capacity_n10,44,visual,letters,10,5,middle,Z,Z,1.0,1,,3.0,0,
2026-09-22T07:49:31,Seb,serial_recall,capacity_n10,44,visual,letters,10,6,middle,U,U,1.0,1,,3.0,0,
2026-09-22T07:49:31,Seb,serial_recall,capacity_n10,44,visual,letters,10,7,middle,O,O,1.0,1,,3.0,0,
2026-09-22T07:49:31,Seb,serial_recall,capacity_n10,44,visual,letters,10,8,end,V,V,1.0,1,,3.0,0,
2026-09-22T07:49:31,Seb,serial_recall,capacity_n10,44,visual,letters,10,9,end,H,H,1.0,1,,3.0,0,
2026-09-22T07:49:31,Seb,serial_recall,capacity_n10,44,visual,letters,10,10,end,G,G,1.0,1,,3.0,0,
2026-09-22T07:50:26,Seb,serial_recall,capacity_n11,45,visual,letters,11,1,start,E,E,1.0,1,,3.0,0,
2026-09-22T07:50:26,Seb,serial_recall,capacity_n11,45,visual,letters,11,2,start,C,C,1.0,1,,3.0,0,
2026-09-22T07:50:26,Seb,serial_recall,capacity_n11,45,visual,letters,11,3,start,K,H,0.0,0,H,3.0,0,
2026-09-22T07:50:26,Seb,serial_recall,capacity_n11,45,visual,letters,11,4,start,J,J,1.0,1,,3.0,0,
2026-09-22T07:50:26,Seb,serial_recall,capacity_n11,45,visual,letters,11,5,middle,B,B,1.0,1,,3.0,0,
2026-09-22T07:50:26,Seb,serial_recall,capacity_n11,45,visual,letters,11,6,middle,I,I,1.0,1,,3.0,0,
2026-09-22T07:50:26,Seb,serial_recall,capacity_n11,45,visual,letters,11,7,middle,S,S,1.0,1,,3.0,0,
2026-09-22T07:50:26,Seb,serial_recall,capacity_n11,45,visual,letters,11,8,middle,Q,Q,1.0,1,,3.0,0,
2026-09-22T07:50:26,Seb,serial_recall,capacity_n11,45,visual,letters,11,9,end,N,N,1.0,1,,3.0,0,
2026-09-22T07:50:26,Seb,serial_recall,capacity_n11,45,visual,letters,11,10,end,T,L,0.0,0,L,3.0,0,
2026-09-22T07:50:26,Seb,serial_recall,capacity_n11,45,visual,letters,11,11,end,O,,0.0,0,,3.0,0,
2026-09-22T07:51:18,Seb,serial_recall,capacity_n11,46,visual,letters,11,1,start,L,L,1.0,1,,3.0,0,
2026-09-22T07:51:18,Seb,serial_recall,capacity_n11,46,visual,letters,11,2,start,S,S,1.0,1,,3.0,0,
2026-09-22T07:51:18,Seb,serial_recall,capacity_n11,46,visual,letters,11,3,start,X,X,1.0,1,,3.0,0,
2026-09-22T07:51:18,Seb,serial_recall,capacity_n11,46,visual,letters,11,4,start,V,V,1.0,1,,3.0,0,
2026-09-22T07:51:18,Seb,serial_recall,capacity_n11,46,visual,letters,11,5,middle,R,R,1.0,1,,3.0,0,
2026-09-22T07:51:18,Seb,serial_recall,capacity_n11,46,visual,letters,11,6,middle,Y,Y,1.0,1,,3.0,0,
2026-09-22T07:51:18,Seb,serial_recall,capacity_n11,46,visual,letters,11,7,middle,J,J,1.0,1,,3.0,0,
2026-09-22T07:51:18,Seb,serial_recall,capacity_n11,46,visual,letters,11,8,middle,T,T,1.0,1,,3.0,0,
2026-09-22T07:51:18,Seb,serial_recall,capacity_n11,46,visual,letters,11,9,end,H,H,1.0,1,,3.0,0,
2026-09-22T07:51:18,Seb,serial_recall,capacity_n11,46,visual,letters,11,10,end,C,C,1.0,1,,3.0,0,
2026-09-22T07:51:18,Seb,serial_recall,capacity_n11,46,visual,letters,11,11,end,K,K,1.0,1,,3.0,0,
2026-09-22T07:52:07,Seb,serial_recall,capacity_n11,47,visual,letters,11,1,start,P,V,0.0,0,V,3.0,0,
2026-09-22T07:52:07,Seb,serial_recall,capacity_n11,47,visual,letters,11,2,start,U,U,1.0,1,,3.0,0,
2026-09-22T07:52:07,Seb,serial_recall,capacity_n11,47,visual,letters,11,3,start,Q,Q,1.0,1,,3.0,0,
2026-09-22T07:52:07,Seb,serial_recall,capacity_n11,47,visual,letters,11,4,start,F,F,1.0,1,,3.0,0,
2026-09-22T07:52:07,Seb,serial_recall,capacity_n11,47,visual,letters,11,5,middle,Q,Q,1.0,1,,3.0,0,
2026-09-22T07:52:07,Seb,serial_recall,capacity_n11,47,visual,letters,11,6,middle,Q,Q,1.0,1,,3.0,0,
2026-09-22T07:52:07,Seb,serial_recall,capacity_n11,47,visual,letters,11,7,middle,M,J,1.0,0,J,3.0,0,
2026-09-22T07:52:07,Seb,serial_recall,capacity_n11,47,visual,letters,11,8,middle,T,G,0.0,0,G,3.0,0,
2026-09-22T07:52:07,Seb,serial_recall,capacity_n11,47,visual,letters,11,9,end,A,M,0.0,0,M,3.0,0,
2026-09-22T07:52:07,Seb,serial_recall,capacity_n11,47,visual,letters,11,10,end,J,J,1.0,1,,3.0,0,
2026-09-22T07:52:07,Seb,serial_recall,capacity_n11,47,visual,letters,11,11,end,F,F,1.0,1,,3.0,0,
2026-09-22T07:53:03,Seb,serial_recall,capacity_n11,48,visual,letters,11,1,start,B,B,1.0,1,,3.0,0,
2026-09-22T07:53:03,Seb,serial_recall,capacity_n11,48,visual,letters,11,2,start,P,P,0.5,1,,3.0,0,
2026-09-22T07:53:03,Seb,serial_recall,capacity_n11,48,visual,letters,11,3,start,Q,Q,1.0,1,,3.0,0,
2026-09-22T07:53:03,Seb,serial_recall,capacity_n11,48,visual,letters,11,4,start,J,X,0.0,0,X,3.0,0,
2026-09-22T07:53:03,Seb,serial_recall,capacity_n11,48,visual,letters,11,5,middle,K,T,0.0,0,T,3.0,0,
2026-09-22T07:53:03,Seb,serial_recall,capacity_n11,48,visual,letters,11,6,middle,P,E,0.5,0,E,3.0,0,
2026-09-22T07:53:03,Seb,serial_recall,capacity_n11,48,visual,letters,11,7,middle,I,M,0.0,0,M,3.0,0,
2026-09-22T07:53:03,Seb,serial_recall,capacity_n11,48,visual,letters,11,8,middle,C,N,0.0,0,N,3.0,0,
2026-09-22T07:53:03,Seb,serial_recall,capacity_n11,48,visual,letters,11,9,end,X,L,1.0,0,L,3.0,0,
2026-09-22T07:53:03,Seb,serial_recall,capacity_n11,48,visual,letters,11,10,end,T,T,1.0,1,,3.0,0,
2026-09-22T07:53:03,Seb,serial_recall,capacity_n11,48,visual,letters,11,11,end,M,M,1.0,1,,3.0,0,
2026-09-22T07:53:51,Seb,serial_recall,capacity_n11,49,visual,letters,11,1,start,E,E,1.0,1,,3.0,0,
2026-09-22T07:53:51,Seb,serial_recall,capacity_n11,49,visual,letters,11,2,start,U,U,1.0,1,,3.0,0,
2026-09-22T07:53:51,Seb,serial_recall,capacity_n11,49,visual,letters,11,3,start,F,F,1.0,1,,3.0,0,
2026-09-22T07:53:51,Seb,serial_recall,capacity_n11,49,visual,letters,11,4,start,M,M,1.0,1,,3.0,0,
2026-09-22T07:53:51,Seb,serial_recall,capacity_n11,49,visual,letters,11,5,middle,L,L,1.0,1,,3.0,0,
2026-09-22T07:53:51,Seb,serial_recall,capacity_n11,49,visual,letters,11,6,middle,O,I,0.0,0,I,3.0,0,
2026-09-22T07:53:51,Seb,serial_recall,capacity_n11,49,visual,letters,11,7,middle,I,C,1.0,0,C,3.0,0,
2026-09-22T07:53:51,Seb,serial_recall,capacity_n11,49,visual,letters,11,8,middle,C,Y,1.0,0,Y,3.0,0,
2026-09-22T07:53:51,Seb,serial_recall,capacity_n11,49,visual,letters,11,9,end,Y,Z,1.0,0,Z,3.0,0,
2026-09-22T07:53:51,Seb,serial_recall,capacity_n11,49,visual,letters,11,10,end,Z,S,1.0,0,S,3.0,0,
2026-09-22T07:53:51,Seb,serial_recall,capacity_n11,49,visual,letters,11,11,end,S,,1.0,0,,3.0,0,
2026-09-22T07:54:34,Seb,serial_recall,capacity_n11,50,visual,letters,11,1,start,J,J,1.0,1,,3.0,0,
2026-09-22T07:54:34,Seb,serial_recall,capacity_n11,50,visual,letters,11,2,start,I,I,1.0,1,,3.0,0,
2026-09-22T07:54:34,Seb,serial_recall,capacity_n11,50,visual,letters,11,3,start,K,K,1.0,1,,3.0,0,
2026-09-22T07:54:34,Seb,serial_recall,capacity_n11,50,visual,letters,11,4,start,Q,Q,1.0,1,,3.0,0,
2026-09-22T07:54:34,Seb,serial_recall,capacity_n11,50,visual,letters,11,5,middle,P,P,1.0,1,,3.0,0,
2026-09-22T07:54:34,Seb,serial_recall,capacity_n11,50,visual,letters,11,6,middle,F,F,1.0,1,,3.0,0,
2026-09-22T07:54:34,Seb,serial_recall,capacity_n11,50,visual,letters,11,7,middle,X,X,1.0,1,,3.0,0,
2026-09-22T07:54:34,Seb,serial_recall,capacity_n11,50,visual,letters,11,8,middle,E,E,1.0,1,,3.0,0,
2026-09-22T07:54:34,Seb,serial_recall,capacity_n11,50,visual,letters,11,9,end,K,K,1.0,1,,3.0,0,
2026-09-22T07:54:34,Seb,serial_recall,capacity_n11,50,visual,letters,11,10,end,Q,Q,1.0,1,,3.0,0,
2026-09-22T07:54:34,Seb,serial_recall,capacity_n11,50,visual,letters,11,11,end,W,W,1.0,1,,3.0,0,
2026-09-22T07:55:29,Seb,serial_recall,capacity_n11,51,visual,letters,11,1,start,H,H,1.0,1,,3.0,0,
2026-09-22T07:55:29,Seb,serial_recall,capacity_n11,51,visual,letters,11,2,start,J,J,1.0,1,,3.0,0,
2026-09-22T07:55:29,Seb,serial_recall,capacity_n11,51,visual,letters,11,3,start,M,M,1.0,1,,3.0,0,
2026-09-22T07:55:29,Seb,serial_recall,capacity_n11,51,visual,letters,11,4,start,U,U,1.0,1,,3.0,0,
2026-09-22T07:55:29,Seb,serial_recall,capacity_n11,51,visual,letters,11,5,middle,V,V,0.666667,1,,3.0,0,
2026-09-22T07:55:29,Seb,serial_recall,capacity_n11,51,visual,letters,11,6,middle,N,N,1.0,1,,3.0,0,
2026-09-22T07:55:29,Seb,serial_recall,capacity_n11,51,visual,letters,11,7,middle,Q,Q,1.0,1,,3.0,0,
2026-09-22T07:55:29,Seb,serial_recall,capacity_n11,51,visual,letters,11,8,middle,V,N,0.666667,0,N,3.0,0,
2026-09-22T07:55:29,Seb,serial_recall,capacity_n11,51,visual,letters,11,9,end,G,V,1.0,0,V,3.0,0,
2026-09-22T07:55:29,Seb,serial_recall,capacity_n11,51,visual,letters,11,10,end,V,G,0.666667,0,G,3.0,0,
2026-09-22T07:55:29,Seb,serial_recall,capacity_n11,51,visual,letters,11,11,end,Z,Z,1.0,1,,3.0,0,
2026-09-22T07:56:14,Seb,serial_recall,capacity_n11,52,visual,letters,11,1,start,C,C,1.0,1,,3.0,0,
2026-09-22T07:56:14,Seb,serial_recall,capacity_n11,52,visual,letters,11,2,start,U,U,1.0,1,,3.0,0,
2026-09-22T07:56:14,Seb,serial_recall,capacity_n11,52,visual,letters,11,3,start,N,N,1.0,1,,3.0,0,
2026-09-22T07:56:14,Seb,serial_recall,capacity_n11,52,visual,letters,11,4,start,F,F,1.0,1,,3.0,0,
2026-09-22T07:56:14,Seb,serial_recall,capacity_n11,52,visual,letters,11,5,middle,N,N,1.0,1,,3.0,0,
2026-09-22T07:56:14,Seb,serial_recall,capacity_n11,52,visual,letters,11,6,middle,L,L,1.0,1,,3.0,0,
2026-09-22T07:56:14,Seb,serial_recall,capacity_n11,52,visual,letters,11,7,middle,A,A,1.0,1,,3.0,0,
2026-09-22T07:56:14,Seb,serial_recall,capacity_n11,52,visual,letters,11,8,middle,K,K,1.0,1,,3.0,0,
2026-09-22T07:56:14,Seb,serial_recall,capacity_n11,52,visual,letters,11,9,end,H,H,1.0,1,,3.0,0,
2026-09-22T07:56:14,Seb,serial_recall,capacity_n11,52,visual,letters,11,10,end,R,R,1.0,1,,3.0,0,
2026-09-22T07:56:14,Seb,serial_recall,capacity_n11,52,visual,letters,11,11,end,T,F,0.0,0,F,3.0,0,
2026-09-22T08:31:57,Seb,serial_recall,baseline,1,visual,letters,12,1,start,G,E,0.0,0,E,3.0,0,
2026-09-22T08:31:57,Seb,serial_recall,baseline,1,visual,letters,12,2,start,T,T,1.0,1,,3.0,0,
2026-09-22T08:31:57,Seb,serial_recall,baseline,1,visual,letters,12,3,start,S,X,0.0,0,X,3.0,0,
2026-09-22T08:31:57,Seb,serial_recall,baseline,1,visual,letters,12,4,start,W,W,1.0,1,,3.0,0,
2026-09-22T08:31:57,Seb,serial_recall,baseline,1,visual,letters,12,5,middle,G,E,0.0,0,E,3.0,0,
2026-09-22T08:31:57,Seb,serial_recall,baseline,1,visual,letters,12,6,middle,X,X,1.0,1,,3.0,0,
2026-09-22T08:31:57,Seb,serial_recall,baseline,1,visual,letters,12,7,middle,O,T,1.0,0,T,3.0,0,
2026-09-22T08:31:57,Seb,serial_recall,baseline,1,visual,letters,12,8,middle,E,O,1.0,0,O,3.0,0,
2026-09-22T08:31:57,Seb,serial_recall,baseline,1,visual,letters,12,9,end,W,W,1.0,1,,3.0,0,
2026-09-22T08:31:57,Seb,serial_recall,baseline,1,visual,letters,12,10,end,Q,Q,1.0,1,,3.0,0,
2026-09-22T08:31:57,Seb,serial_recall,baseline,1,visual,letters,12,11,end,C,C,1.0,1,,3.0,0,
2026-09-22T08:31:57,Seb,serial_recall,baseline,1,visual,letters,12,12,end,D,D,1.0,1,,3.0,0,
2026-09-22T08:32:49,Seb,serial_recall,baseline,2,visual,letters,12,1,start,N,N,1.0,1,,3.0,0,
2026-09-22T08:32:49,Seb,serial_recall,baseline,2,visual,letters,12,2,start,C,C,1.0,1,,3.0,0,
2026-09-22T08:32:49,Seb,serial_recall,baseline,2,visual,letters,12,3,start,O,O,1.0,1,,3.0,0,
2026-09-22T08:32:49,Seb,serial_recall,baseline,2,visual,letters,12,4,start,X,X,1.0,1,,3.0,0,
2026-09-22T08:32:49,Seb,serial_recall,baseline,2,visual,letters,12,5,middle,G,O,0.0,0,O,3.0,0,
2026-09-22T08:32:49,Seb,serial_recall,baseline,2,visual,letters,12,6,middle,U,U,1.0,1,,3.0,0,
2026-09-22T08:32:49,Seb,serial_recall,baseline,2,visual,letters,12,7,middle,A,A,1.0,1,,3.0,0,
2026-09-22T08:32:49,Seb,serial_recall,baseline,2,visual,letters,12,8,middle,T,T,1.0,1,,3.0,0,
2026-09-22T08:32:49,Seb,serial_recall,baseline,2,visual,letters,12,9,end,K,K,1.0,1,,3.0,0,
2026-09-22T08:32:49,Seb,serial_recall,baseline,2,visual,letters,12,10,end,F,F,1.0,1,,3.0,0,
2026-09-22T08:32:49,Seb,serial_recall,baseline,2,visual,letters,12,11,end,Z,Z,1.0,1,,3.0,0,
2026-09-22T08:32:49,Seb,serial_recall,baseline,2,visual,letters,12,12,end,K,K,1.0,1,,3.0,0,
2026-09-22T08:33:36,Seb,serial_recall,baseline,3,visual,letters,12,1,start,N,N,1.0,1,,3.0,0,
2026-09-22T08:33:36,Seb,serial_recall,baseline,3,visual,letters,12,2,start,A,A,1.0,1,,3.0,0,
2026-09-22T08:33:36,Seb,serial_recall,baseline,3,visual,letters,12,3,start,H,H,1.0,1,,3.0,0,
2026-09-22T08:33:36,Seb,serial_recall,baseline,3,visual,letters,12,4,start,F,F,1.0,1,,3.0,0,
2026-09-22T08:33:36,Seb,serial_recall,baseline,3,visual,letters,12,5,middle,P,P,1.0,1,,3.0,0,
2026-09-22T08:33:36,Seb,serial_recall,baseline,3,visual,letters,12,6,middle,D,D,1.0,1,,3.0,0,
2026-09-22T08:33:36,Seb,serial_recall,baseline,3,visual,letters,12,7,middle,B,B,1.0,1,,3.0,0,
2026-09-22T08:33:36,Seb,serial_recall,baseline,3,visual,letters,12,8,middle,O,O,1.0,1,,3.0,0,
2026-09-22T08:33:36,Seb,serial_recall,baseline,3,visual,letters,12,9,end,P,P,1.0,1,,3.0,0,
2026-09-22T08:33:36,Seb,serial_recall,baseline,3,visual,letters,12,10,end,Q,Q,1.0,1,,3.0,0,
2026-09-22T08:33:36,Seb,serial_recall,baseline,3,visual,letters,12,11,end,H,H,1.0,1,,3.0,0,
2026-09-22T08:33:36,Seb,serial_recall,baseline,3,visual,letters,12,12,end,D,D,1.0,1,,3.0,0,
2026-09-22T08:42:35,Seb,serial_recall,finger_tapping,1,visual,letters,12,1,start,T,F,0.0,0,F,3.0,0,
2026-09-22T08:42:35,Seb,serial_recall,finger_tapping,1,visual,letters,12,2,start,W,W,1.0,1,,3.0,0,
2026-09-22T08:42:35,Seb,serial_recall,finger_tapping,1,visual,letters,12,3,start,Z,Z,1.0,1,,3.0,0,
2026-09-22T08:42:35,Seb,serial_recall,finger_tapping,1,visual,letters,12,4,start,Z,P,1.0,0,P,3.0,0,
2026-09-22T08:42:35,Seb,serial_recall,finger_tapping,1,visual,letters,12,5,middle,P,W,1.0,0,W,3.0,0,
2026-09-22T08:42:35,Seb,serial_recall,finger_tapping,1,visual,letters,12,6,middle,M,Z,0.5,0,Z,3.0,0,
2026-09-22T08:42:35,Seb,serial_recall,finger_tapping,1,visual,letters,12,7,middle,F,F,1.0,1,,3.0,0,
2026-09-22T08:42:35,Seb,serial_recall,finger_tapping,1,visual,letters,12,8,middle,I,I,1.0,1,,3.0,0,
2026-09-22T08:42:35,Seb,serial_recall,finger_tapping,1,visual,letters,12,9,end,M,M,0.5,1,,3.0,0,
2026-09-22T08:42:35,Seb,serial_recall,finger_tapping,1,visual,letters,12,10,end,H,I,0.0,0,I,3.0,0,
2026-09-22T08:42:35,Seb,serial_recall,finger_tapping,1,visual,letters,12,11,end,Z,Z,1.0,1,,3.0,0,
2026-09-22T08:42:35,Seb,serial_recall,finger_tapping,1,visual,letters,12,12,end,I,I,1.0,1,,3.0,0,
2026-09-22T08:43:26,Seb,serial_recall,finger_tapping,2,visual,letters,12,1,start,T,T,1.0,1,,3.0,0,
2026-09-22T08:43:26,Seb,serial_recall,finger_tapping,2,visual,letters,12,2,start,O,O,1.0,1,,3.0,0,
2026-09-22T08:43:26,Seb,serial_recall,finger_tapping,2,visual,letters,12,3,start,N,N,1.0,1,,3.0,0,
2026-09-22T08:43:26,Seb,serial_recall,finger_tapping,2,visual,letters,12,4,start,O,G,1.0,0,G,3.0,0,
2026-09-22T08:43:26,Seb,serial_recall,finger_tapping,2,visual,letters,12,5,middle,G,T,1.0,0,T,3.0,0,
2026-09-22T08:43:26,Seb,serial_recall,finger_tapping,2,visual,letters,12,6,middle,T,F,1.0,0,F,3.0,0,
2026-09-22T08:43:26,Seb,serial_recall,finger_tapping,2,visual,letters,12,7,middle,F,D,1.0,0,D,3.0,0,
2026-09-22T08:43:26,Seb,serial_recall,finger_tapping,2,visual,letters,12,8,middle,D,O,0.5,0,O,3.0,0,
2026-09-22T08:43:26,Seb,serial_recall,finger_tapping,2,visual,letters,12,9,end,L,K,0.0,0,K,3.0,0,
2026-09-22T08:43:26,Seb,serial_recall,finger_tapping,2,visual,letters,12,10,end,W,Q,0.0,0,Q,3.0,0,
2026-09-22T08:43:26,Seb,serial_recall,finger_tapping,2,visual,letters,12,11,end,Q,F,1.0,0,F,3.0,0,
2026-09-22T08:43:26,Seb,serial_recall,finger_tapping,2,visual,letters,12,12,end,D,O,0.5,0,O,3.0,0,
2026-09-22T08:44:26,Seb,serial_recall,finger_tapping,3,visual,letters,12,1,start,J,J,1.0,1,,3.0,0,
2026-09-22T08:44:26,Seb,serial_recall,finger_tapping,3,visual,letters,12,2,start,R,R,1.0,1,,3.0,0,
2026-09-22T08:44:26,Seb,serial_recall,finger_tapping,3,visual,letters,12,3,start,L,P,0.0,0,P,3.0,0,
2026-09-22T08:44:26,Seb,serial_recall,finger_tapping,3,visual,letters,12,4,start,P,W,1.0,0,W,3.0,0,
2026-09-22T08:44:26,Seb,serial_recall,finger_tapping,3,visual,letters,12,5,middle,W,R,1.0,0,R,3.0,0,
2026-09-22T08:44:26,Seb,serial_recall,finger_tapping,3,visual,letters,12,6,middle,R,N,1.0,0,N,3.0,0,
2026-09-22T08:44:26,Seb,serial_recall,finger_tapping,3,visual,letters,12,7,middle,N,T,1.0,0,T,3.0,0,
2026-09-22T08:44:26,Seb,serial_recall,finger_tapping,3,visual,letters,12,8,middle,O,V,1.0,0,V,3.0,0,
2026-09-22T08:44:26,Seb,serial_recall,finger_tapping,3,visual,letters,12,9,end,T,U,1.0,0,U,3.0,0,
2026-09-22T08:44:26,Seb,serial_recall,finger_tapping,3,visual,letters,12,10,end,V,U,1.0,0,U,3.0,0,
2026-09-22T08:44:26,Seb,serial_recall,finger_tapping,3,visual,letters,12,11,end,C,O,0.0,0,O,3.0,0,
2026-09-22T08:44:26,Seb,serial_recall,finger_tapping,3,visual,letters,12,12,end,Y,Y,1.0,1,,3.0,0,
2026-09-22T08:45:40,Seb,serial_recall,articulatory_suppression,1,visual,letters,12,1,start,K,X,1.0,0,X,3.0,0,
2026-09-22T08:45:40,Seb,serial_recall,articulatory_suppression,1,visual,letters,12,2,start,X,K,1.0,0,K,3.0,0,
2026-09-22T08:45:40,Seb,serial_recall,articulatory_suppression,1,visual,letters,12,3,start,J,T,0.0,0,T,3.0,0,
2026-09-22T08:45:40,Seb,serial_recall,articulatory_suppression,1,visual,letters,12,4,start,Z,U,0.0,0,U,3.0,0,
2026-09-22T08:45:40,Seb,serial_recall,articulatory_suppression,1,visual,letters,12,5,middle,P,I,0.5,0,I,3.0,0,
2026-09-22T08:45:40,Seb,serial_recall,articulatory_suppression,1,visual,letters,12,6,middle,B,Y,0.0,0,Y,3.0,0,
2026-09-22T08:45:40,Seb,serial_recall,articulatory_suppression,1,visual,letters,12,7,middle,M,S,1.0,0,S,3.0,0,
2026-09-22T08:45:40,Seb,serial_recall,articulatory_suppression,1,visual,letters,12,8,middle,O,M,1.0,0,M,3.0,0,
2026-09-22T08:45:40,Seb,serial_recall,articulatory_suppression,1,visual,letters,12,9,end,I,I,1.0,1,,3.0,0,
2026-09-22T08:45:40,Seb,serial_recall,articulatory_suppression,1,visual,letters,12,10,end,K,K,1.0,1,,3.0,0,
2026-09-22T08:45:40,Seb,serial_recall,articulatory_suppression,1,visual,letters,12,11,end,P,O,0.5,0,O,3.0,0,
2026-09-22T08:45:40,Seb,serial_recall,articulatory_suppression,1,visual,letters,12,12,end,F,P,0.0,0,P,3.0,0,
2026-09-22T08:46:37,Seb,serial_recall,articulatory_suppression,2,visual,letters,12,1,start,O,O,1.0,1,,3.0,0,
2026-09-22T08:46:37,Seb,serial_recall,articulatory_suppression,2,visual,letters,12,2,start,U,U,1.0,1,,3.0,0,
2026-09-22T08:46:37,Seb,serial_recall,articulatory_suppression,2,visual,letters,12,3,start,Y,P,0.0,0,P,3.0,0,
2026-09-22T08:46:37,Seb,serial_recall,articulatory_suppression,2,visual,letters,12,4,start,Y,R,0.0,0,R,3.0,0,
2026-09-22T08:46:37,Seb,serial_recall,articulatory_suppression,2,visual,letters,12,5,middle,J,J,1.0,1,,3.0,0,
2026-09-22T08:46:37,Seb,serial_recall,articulatory_suppression,2,visual,letters,12,6,middle,J,J,1.0,1,,3.0,0,
2026-09-22T08:46:37,Seb,serial_recall,articulatory_suppression,2,visual,letters,12,7,middle,R,O,1.0,0,O,3.0,0,
2026-09-22T08:46:37,Seb,serial_recall,articulatory_suppression,2,visual,letters,12,8,middle,O,O,1.0,1,,3.0,0,
2026-09-22T08:46:37,Seb,serial_recall,articulatory_suppression,2,visual,letters,12,9,end,A,L,0.0,0,L,3.0,0,
2026-09-22T08:46:37,Seb,serial_recall,articulatory_suppression,2,visual,letters,12,10,end,W,W,1.0,1,,3.0,0,
2026-09-22T08:46:37,Seb,serial_recall,articulatory_suppression,2,visual,letters,12,11,end,W,W,1.0,1,,3.0,0,
2026-09-22T08:46:37,Seb,serial_recall,articulatory_suppression,2,visual,letters,12,12,end,W,W,1.0,1,,3.0,0,
2026-09-22T08:47:36,Seb,serial_recall,articulatory_suppression,3,visual,letters,12,1,start,Z,Z,1.0,1,,3.0,0,
2026-09-22T08:47:36,Seb,serial_recall,articulatory_suppression,3,visual,letters,12,2,start,O,O,1.0,1,,3.0,0,
2026-09-22T08:47:36,Seb,serial_recall,articulatory_suppression,3,visual,letters,12,3,start,F,F,1.0,1,,3.0,0,
2026-09-22T08:47:36,Seb,serial_recall,articulatory_suppression,3,visual,letters,12,4,start,S,H,0.0,0,H,3.0,0,
2026-09-22T08:47:36,Seb,serial_recall,articulatory_suppression,3,visual,letters,12,5,middle,K,J,0.0,0,J,3.0,0,
2026-09-22T08:47:36,Seb,serial_recall,articulatory_suppression,3,visual,letters,12,6,middle,V,R,0.0,0,R,3.0,0,
2026-09-22T08:47:36,Seb,serial_recall,articulatory_suppression,3,visual,letters,12,7,middle,V,B,0.0,0,B,3.0,0,
2026-09-22T08:47:36,Seb,serial_recall,articulatory_suppression,3,visual,letters,12,8,middle,S,G,0.0,0,G,3.0,0,
2026-09-22T08:47:36,Seb,serial_recall,articulatory_suppression,3,visual,letters,12,9,end,I,L,1.0,0,L,3.0,0,
2026-09-22T08:47:36,Seb,serial_recall,articulatory_suppression,3,visual,letters,12,10,end,J,I,1.0,0,I,3.0,0,
2026-09-22T08:47:36,Seb,serial_recall,articulatory_suppression,3,visual,letters,12,11,end,P,F,0.0,0,F,3.0,0,
2026-09-22T08:47:36,Seb,serial_recall,articulatory_suppression,3,visual,letters,12,12,end,D,J,0.0,0,J,3.0,0,
2026-09-22T08:49:33,Seb,idiom_serial_recall,real_idioms,1,visual,phrases,8,1,start,at slaa en streg i sandet,at faa kolde foedder,0.0,0,at faa kolde foedder,3.0,0,
2026-09-22T08:49:33,Seb,idiom_serial_recall,real_idioms,1,visual,phrases,8,2,start,at faa kolde foedder,at slaa streg i sandet,1.0,0,at slaa streg i sandet,3.0,0,
2026-09-22T08:49:33,Seb,idiom_serial_recall,real_idioms,1,visual,phrases,8,3,start,at have en finger med i spillet,q,0.0,0,q,3.0,0,
2026-09-22T08:49:33,Seb,idiom_serial_recall,real_idioms,1,visual,phrases,8,4,middle,at tage tyren ved hornene,q,0.0,0,q,3.0,0,
2026-09-22T08:49:33,Seb,idiom_serial_recall,real_idioms,1,visual,phrases,8,5,middle,at traekke det korteste straa,q,0.0,0,q,3.0,0,
2026-09-22T08:49:33,Seb,idiom_serial_recall,real_idioms,1,visual,phrases,8,6,middle,at staa med haaret i postkassen,q,0.0,0,q,3.0,0,
2026-09-22T08:49:33,Seb,idiom_serial_recall,real_idioms,1,visual,phrases,8,7,end,at slaa to fluer med et smaek,at slaa to fluer med et smaek,1.0,1,,3.0,0,
2026-09-22T08:49:33,Seb,idiom_serial_recall,real_idioms,1,visual,phrases,8,8,end,at komme op i det roede felt,at komme op i det roede felt,1.0,1,,3.0,0,
2026-09-22T08:50:52,Seb,idiom_serial_recall,real_idioms,2,visual,phrases,8,1,start,at tabe ansigt,at tabe ansigt,1.0,1,,3.0,0,
2026-09-22T08:50:52,Seb,idiom_serial_recall,real_idioms,2,visual,phrases,8,2,start,at faa blod paa tanden,q,0.0,0,q,3.0,0,
2026-09-22T08:50:52,Seb,idiom_serial_recall,real_idioms,2,visual,phrases,8,3,start,at slaa en streg i sandet,q,0.0,0,q,3.0,0,
2026-09-22T08:50:52,Seb,idiom_serial_recall,real_idioms,2,visual,phrases,8,4,middle,at loebe panden mod en mur,q,0.0,0,q,3.0,0,
2026-09-22T08:50:52,Seb,idiom_serial_recall,real_idioms,2,visual,phrases,8,5,middle,at komme i fedtefadet,q,0.0,0,q,3.0,0,
2026-09-22T08:50:52,Seb,idiom_serial_recall,real_idioms,2,visual,phrases,8,6,middle,at gaa nedenom og hjem,at gaa nedenom og hjem,1.0,1,,3.0,0,
2026-09-22T08:50:52,Seb,idiom_serial_recall,real_idioms,2,visual,phrases,8,7,end,at have sommerfugle i maven,at faa kolde foedder,0.0,0,at faa kolde foedder,3.0,0,
2026-09-22T08:50:52,Seb,idiom_serial_recall,real_idioms,2,visual,phrases,8,8,end,at slaa to fluer med et smaek,at slaa to fluer med et smaek,1.0,1,,3.0,0,
2026-09-22T08:52:09,Seb,idiom_serial_recall,real_idioms,3,visual,phrases,8,1,start,at loebe panden mod en mur,q,0.0,0,q,3.0,0,
2026-09-22T08:52:09,Seb,idiom_serial_recall,real_idioms,3,visual,phrases,8,2,start,at slaa to fluer med et smaek,q,0.0,0,q,3.0,0,
2026-09-22T08:52:09,Seb,idiom_serial_recall,real_idioms,3,visual,phrases,8,3,start,at bide i det sure aeble,q,0.0,0,q,3.0,0,
2026-09-22T08:52:09,Seb,idiom_serial_recall,real_idioms,3,visual,phrases,8,4,middle,at staa med haaret i postkassen,q,0.0,0,q,3.0,0,
2026-09-22T08:52:09,Seb,idiom_serial_recall,real_idioms,3,visual,phrases,8,5,middle,at vaere paa boelgelaengde,at tabe ansigt,0.0,0,at tabe ansigt,3.0,0,
2026-09-22T08:52:09,Seb,idiom_serial_recall,real_idioms,3,visual,phrases,8,6,middle,at sidde paa den hoeje hest,at holde tungen lige i munden,0.0,0,at holde tungen lige i munden,3.0,0,
2026-09-22T08:52:09,Seb,idiom_serial_recall,real_idioms,3,visual,phrases,8,7,end,at holde tungen lige i munden,q,1.0,0,q,3.0,0,
2026-09-22T08:52:09,Seb,idiom_serial_recall,real_idioms,3,visual,phrases,8,8,end,at feje for egen doer,at feje for egen doer,1.0,1,,3.0,0,
2026-09-22T08:53:16,Seb,idiom_serial_recall,real_idioms,4,visual,phrases,8,1,start,at have mange bolde i luften,at have mange bolde i luften,1.0,1,,3.0,0,
2026-09-22T08:53:16,Seb,idiom_serial_recall,real_idioms,4,visual,phrases,8,2,start,at komme op i det roede felt,q,0.0,0,q,3.0,0,
2026-09-22T08:53:16,Seb,idiom_serial_recall,real_idioms,4,visual,phrases,8,3,start,at feje for egen doer,q,0.0,0,q,3.0,0,
2026-09-22T08:53:16,Seb,idiom_serial_recall,real_idioms,4,visual,phrases,8,4,middle,at tabe ansigt,at tabe ansigt,1.0,1,,3.0,0,
2026-09-22T08:53:16,Seb,idiom_serial_recall,real_idioms,4,visual,phrases,8,5,middle,at tage det sure med det soede,q,0.0,0,q,3.0,0,
2026-09-22T08:53:16,Seb,idiom_serial_recall,real_idioms,4,visual,phrases,8,6,middle,at have rent mel i posen,q,0.0,0,q,3.0,0,
2026-09-22T08:53:16,Seb,idiom_serial_recall,real_idioms,4,visual,phrases,8,7,end,at gaa over gevind,q,0.0,0,q,3.0,0,
2026-09-22T08:53:16,Seb,idiom_serial_recall,real_idioms,4,visual,phrases,8,8,end,at tale frit fra leveren,at tale frit fra leveren,1.0,1,,3.0,0,
2026-09-22T08:54:25,Seb,idiom_serial_recall,real_idioms,5,visual,phrases,8,1,start,at tage tyren ved hornene,at tage tyren ved hornene,1.0,1,,3.0,0,
2026-09-22T08:54:25,Seb,idiom_serial_recall,real_idioms,5,visual,phrases,8,2,start,at gaa paa vandet,at gaa paa vandet,1.0,1,,3.0,0,
2026-09-22T08:54:25,Seb,idiom_serial_recall,real_idioms,5,visual,phrases,8,3,start,at sidde paa den hoeje hest,q,0.0,0,q,3.0,0,
2026-09-22T08:54:25,Seb,idiom_serial_recall,real_idioms,5,visual,phrases,8,4,middle,at kaste haandklaedet i ringen,q,0.0,0,q,3.0,0,
2026-09-22T08:54:25,Seb,idiom_serial_recall,real_idioms,5,visual,phrases,8,5,middle,at komme i fedtefadet,q,0.0,0,q,3.0,0,
2026-09-22T08:54:25,Seb,idiom_serial_recall,real_idioms,5,visual,phrases,8,6,middle,at tale frit fra leveren,q,0.0,0,q,3.0,0,
2026-09-22T08:54:25,Seb,idiom_serial_recall,real_idioms,5,visual,phrases,8,7,end,at faa blod paa tanden,at komme op i det roede felt,1.0,0,at komme op i det roede felt,3.0,0,
2026-09-22T08:54:25,Seb,idiom_serial_recall,real_idioms,5,visual,phrases,8,8,end,at komme op i det roede felt,at faa blod paa tanden,1.0,0,at faa blod paa tanden,3.0,0,
2026-09-22T08:55:27,Seb,idiom_serial_recall,real_idioms,6,visual,phrases,8,1,start,at have rent mel i posen,at have mel i posen,0.0,0,at have mel i posen,3.0,0,
2026-09-22T08:55:27,Seb,idiom_serial_recall,real_idioms,6,visual,phrases,8,2,start,at bide i det sure aeble,at traekke dte korteste straa,0.0,0,at traekke dte korteste straa,3.0,0,
2026-09-22T08:55:27,Seb,idiom_serial_recall,real_idioms,6,visual,phrases,8,3,start,at traekke det korteste straa,q,0.0,0,q,3.0,0,
2026-09-22T08:55:27,Seb,idiom_serial_recall,real_idioms,6,visual,phrases,8,4,middle,at gaa nedenom og hjem,at kaste haandklaedet i ringen,0.0,0,at kaste haandklaedet i ringen,3.0,0,
2026-09-22T08:55:27,Seb,idiom_serial_recall,real_idioms,6,visual,phrases,8,5,middle,at kaste haandklaedet i ringen,q,1.0,0,q,3.0,0,
2026-09-22T08:55:27,Seb,idiom_serial_recall,real_idioms,6,visual,phrases,8,6,middle,at male fanden paa vaeggen,q,0.0,0,q,3.0,0,
2026-09-22T08:55:27,Seb,idiom_serial_recall,real_idioms,6,visual,phrases,8,7,end,at faa kolde foedder,q,0.0,0,q,3.0,0,
2026-09-22T08:55:27,Seb,idiom_serial_recall,real_idioms,6,visual,phrases,8,8,end,at loebe panden mod en mur,at loebe panden mod en mur,1.0,1,,3.0,0,
2026-09-22T08:56:32,Seb,idiom_serial_recall,real_idioms,7,visual,phrases,8,1,start,at slaa to fluer med et smaek,at slaa to fluer med et smaek,1.0,1,,3.0,0,
2026-09-22T08:56:32,Seb,idiom_serial_recall,real_idioms,7,visual,phrases,8,2,start,at staa med haaret i postkassen,q,0.0,0,q,3.0,0,
2026-09-22T08:56:32,Seb,idiom_serial_recall,real_idioms,7,visual,phrases,8,3,start,at skyde papegoejen,at have en finger med i spillet,0.0,0,at have en finger med i spillet,3.0,0,
2026-09-22T08:56:32,Seb,idiom_serial_recall,real_idioms,7,visual,phrases,8,4,middle,at have en finger med i spillet,q,1.0,0,q,3.0,0,
2026-09-22T08:56:32,Seb,idiom_serial_recall,real_idioms,7,visual,phrases,8,5,middle,at gaa over gevind,q,0.0,0,q,3.0,0,
2026-09-22T08:56:32,Seb,idiom_serial_recall,real_idioms,7,visual,phrases,8,6,middle,at gaa agurk,q,0.0,0,q,3.0,0,
2026-09-22T08:56:32,Seb,idiom_serial_recall,real_idioms,7,visual,phrases,8,7,end,at male fanden paa vaeggen,q,0.0,0,q,3.0,0,
2026-09-22T08:56:32,Seb,idiom_serial_recall,real_idioms,7,visual,phrases,8,8,end,at komme i fedtefadet,at komme i fedtfadet,0.0,0,at komme i fedtfadet,3.0,0,
2026-09-22T08:57:31,Seb,idiom_serial_recall,real_idioms,8,visual,phrases,8,1,start,at gaa paa vandet,at gaa paa vandet,1.0,1,,3.0,0,
2026-09-22T08:57:31,Seb,idiom_serial_recall,real_idioms,8,visual,phrases,8,2,start,at have mange bolde i luften,q,0.0,0,q,3.0,0,
2026-09-22T08:57:31,Seb,idiom_serial_recall,real_idioms,8,visual,phrases,8,3,start,at vaere paa boelgelaengde,at vaere paa boelgelaengde,1.0,1,,3.0,0,
2026-09-22T08:57:31,Seb,idiom_serial_recall,real_idioms,8,visual,phrases,8,4,middle,at gaa over gevind,q,0.0,0,q,3.0,0,
2026-09-22T08:57:31,Seb,idiom_serial_recall,real_idioms,8,visual,phrases,8,5,middle,at gaa ned med flaget,at gaa ned med flaget,1.0,1,,3.0,0,
2026-09-22T08:57:31,Seb,idiom_serial_recall,real_idioms,8,visual,phrases,8,6,middle,at bide i det sure aeble,q,0.0,0,q,3.0,0,
2026-09-22T08:57:31,Seb,idiom_serial_recall,real_idioms,8,visual,phrases,8,7,end,at komme op i det roede felt,q,0.0,0,q,3.0,0,
2026-09-22T08:57:31,Seb,idiom_serial_recall,real_idioms,8,visual,phrases,8,8,end,at komme i fedtefadet,q,0.0,0,q,3.0,0,
2026-09-22T08:58:42,Seb,idiom_serial_recall,fake_idioms,1,visual,phrases,8,1,start,at kaste braende paa den forkerte baad,q,0.0,0,q,3.0,0,
2026-09-22T08:58:42,Seb,idiom_serial_recall,fake_idioms,1,visual,phrases,8,2,start,at saette sejl i modvind,q,0.0,0,q,3.0,0,
2026-09-22T08:58:42,Seb,idiom_serial_recall,fake_idioms,1,visual,phrases,8,3,start,at traekke taeppet over hovedet,q,0.0,0,q,3.0,0,
2026-09-22T08:58:42,Seb,idiom_serial_recall,fake_idioms,1,visual,phrases,8,4,middle,at staa med begge ben i samme stoevle,q,0.0,0,q,3.0,0,
2026-09-22T08:58:42,Seb,idiom_serial_recall,fake_idioms,1,visual,phrases,8,5,middle,at slaa knude paa sin egen hale,q,0.0,0,q,3.0,0,
2026-09-22T08:58:42,Seb,idiom_serial_recall,fake_idioms,1,visual,phrases,8,6,middle,at gaa med vinden i lommen,at gaa med vinden i lommen,1.0,1,,3.0,0,
2026-09-22T08:58:42,Seb,idiom_serial_recall,fake_idioms,1,visual,phrases,8,7,end,at holde doeren med albuen,q,0.0,0,q,3.0,0,
2026-09-22T08:58:42,Seb,idiom_serial_recall,fake_idioms,1,visual,phrases,8,8,end,at kaste hatten foer festen,at kaste hatten foer festen,1.0,1,,3.0,0,
2026-09-22T08:59:33,Seb,idiom_serial_recall,fake_idioms,2,visual,phrases,8,1,start,at loebe efter sin egen skygge,at loebe fra sin egen skygge,0.0,0,at loebe fra sin egen skygge,3.0,0,
2026-09-22T08:59:33,Seb,idiom_serial_recall,fake_idioms,2,visual,phrases,8,2,start,at have en raev i rygsaekken,q,0.0,0,q,3.0,0,
2026-09-22T08:59:33,Seb,idiom_serial_recall,fake_idioms,2,visual,phrases,8,3,start,at vende koppen paa hovedet,q,0.0,0,q,3.0,0,
2026-09-22T08:59:33,Seb,idiom_serial_recall,fake_idioms,2,visual,phrases,8,4,middle,at gaa med gaflen i suppen,q,0.0,0,q,3.0,0,
2026-09-22T08:59:33,Seb,idiom_serial_recall,fake_idioms,2,visual,phrases,8,5,middle,at faa vand over stoevlekanten,q,0.0,0,q,3.0,0,
2026-09-22T08:59:33,Seb,idiom_serial_recall,fake_idioms,2,visual,phrases,8,6,middle,at slaa hul i sin egen paraply,q,0.0,0,q,3.0,0,
2026-09-22T08:59:33,Seb,idiom_serial_recall,fake_idioms,2,visual,phrases,8,7,end,at have for mange noegler i lommen,at have for mange noegler i lommerne,0.0,0,at have for mange noegler i lommerne,3.0,0,
2026-09-22T08:59:33,Seb,idiom_serial_recall,fake_idioms,2,visual,phrases,8,8,end,at gaa med vinden i lommen,at gaa med vinden i lommen,1.0,1,,3.0,0,
2026-09-22T09:00:31,Seb,idiom_serial_recall,fake_idioms,3,visual,phrases,8,1,start,at haenge hatten paa den forkerte knage,q,0.0,0,q,3.0,0,
2026-09-22T09:00:31,Seb,idiom_serial_recall,fake_idioms,3,visual,phrases,8,2,start,at traekke taeppet over hovedet,q,0.0,0,q,3.0,0,
2026-09-22T09:00:31,Seb,idiom_serial_recall,fake_idioms,3,visual,phrases,8,3,start,at have begge haender i honningkrukken,q,0.0,0,q,3.0,0,
2026-09-22T09:00:31,Seb,idiom_serial_recall,fake_idioms,3,visual,phrases,8,4,middle,at saette sejl i modvind,q,0.0,0,q,3.0,0,
2026-09-22T09:00:31,Seb,idiom_serial_recall,fake_idioms,3,visual,phrases,8,5,middle,at traekke gardinet for tidligt,q,0.0,0,q,3.0,0,
2026-09-22T09:00:31,Seb,idiom_serial_recall,fake_idioms,3,visual,phrases,8,6,middle,at taende lampen i dagslys,q,0.0,0,q,3.0,0,
2026-09-22T09:00:31,Seb,idiom_serial_recall,fake_idioms,3,visual,phrases,8,7,end,at holde doeren med albuen,at holde doeren med albuen,1.0,1,,3.0,0,
2026-09-22T09:00:31,Seb,idiom_serial_recall,fake_idioms,3,visual,phrases,8,8,end,at saette sin hat efter vinden,at saette sin hat efter vinden,1.0,1,,3.0,0,
2026-09-22T09:01:13,Seb,idiom_serial_recall,fake_idioms,4,visual,phrases,8,1,start,at saette sejl i modvind,at saette sejl i modvind,1.0,1,,3.0,0,
2026-09-22T09:01:13,Seb,idiom_serial_recall,fake_idioms,4,visual,phrases,8,2,start,at saette ild til sin egen stige,q,0.0,0,q,3.0,0,
2026-09-22T09:01:13,Seb,idiom_serial_recall,fake_idioms,4,visual,phrases,8,3,start,at traekke stigen op foer man er paa taget,q,0.0,0,q,3.0,0,
2026-09-22T09:01:13,Seb,idiom_serial_recall,fake_idioms,4,visual,phrases,8,4,middle,at have grus i maskineriet,qq,0.0,0,qq,3.0,0,
2026-09-22T09:01:13,Seb,idiom_serial_recall,fake_idioms,4,visual,phrases,8,5,middle,at have for mange noegler i lommen,q,0.0,0,q,3.0,0,
2026-09-22T09:01:13,Seb,idiom_serial_recall,fake_idioms,4,visual,phrases,8,6,middle,at staa med naesen i postkassen,q,0.0,0,q,3.0,0,
2026-09-22T09:01:13,Seb,idiom_serial_recall,fake_idioms,4,visual,phrases,8,7,end,at holde doeren med albuen,q,0.0,0,q,3.0,0,
2026-09-22T09:01:13,Seb,idiom_serial_recall,fake_idioms,4,visual,phrases,8,8,end,at have en sten under hatten,q,0.0,0,q,3.0,0,
2026-09-22T09:02:06,Seb,idiom_serial_recall,fake_idioms,5,visual,phrases,8,1,start,at staa med begge ben i samme stoevle,q,0.0,0,q,3.0,0,
2026-09-22T09:02:06,Seb,idiom_serial_recall,fake_idioms,5,visual,phrases,8,2,start,at gaa med hovedet under armen,q,0.0,0,q,3.0,0,
2026-09-22T09:02:06,Seb,idiom_serial_recall,fake_idioms,5,visual,phrases,8,3,start,at faa grus under vingerne,q,0.0,0,q,3.0,0,
2026-09-22T09:02:06,Seb,idiom_serial_recall,fake_idioms,5,visual,phrases,8,4,middle,at slaa knude paa sin egen hale,q,0.0,0,q,3.0,0,
2026-09-22T09:02:06,Seb,idiom_serial_recall,fake_idioms,5,visual,phrases,8,5,middle,at have begge haender i honningkrukken,q,0.0,0,q,3.0,0,
2026-09-22T09:02:06,Seb,idiom_serial_recall,fake_idioms,5,visual,phrases,8,6,middle,at gaa med gaflen i suppen,q,0.0,0,q,3.0,0,
2026-09-22T09:02:06,Seb,idiom_serial_recall,fake_idioms,5,visual,phrases,8,7,end,at saette sejl i modvind,at saette sejl i modvind,1.0,1,,3.0,0,
2026-09-22T09:02:06,Seb,idiom_serial_recall,fake_idioms,5,visual,phrases,8,8,end,at gaa med skeen i den forkerte gryde,ske,0.0,0,ske,3.0,0,
2026-09-22T09:02:55,Seb,idiom_serial_recall,fake_idioms,6,visual,phrases,8,1,start,at staa med begge ben i samme stoevle,q,0.0,0,q,3.0,0,
2026-09-22T09:02:55,Seb,idiom_serial_recall,fake_idioms,6,visual,phrases,8,2,start,at kaste braende paa den forkerte baad,q,0.0,0,q,3.0,0,
2026-09-22T09:02:55,Seb,idiom_serial_recall,fake_idioms,6,visual,phrases,8,3,start,at have vinden under skjorten,q,0.0,0,q,3.0,0,
2026-09-22T09:02:55,Seb,idiom_serial_recall,fake_idioms,6,visual,phrases,8,4,middle,at have maanen i baglommen,q,0.0,0,q,3.0,0,
2026-09-22T09:02:55,Seb,idiom_serial_recall,fake_idioms,6,visual,phrases,8,5,middle,at traekke gardinet for tidligt,q,0.0,0,q,3.0,0,
2026-09-22T09:02:55,Seb,idiom_serial_recall,fake_idioms,6,visual,phrases,8,6,middle,at gaa rundt om den samme sten,q,0.0,0,q,3.0,0,
2026-09-22T09:02:55,Seb,idiom_serial_recall,fake_idioms,6,visual,phrases,8,7,end,at taende lampen i dagslys,at taende lampen i daglys,0.0,0,at taende lampen i daglys,3.0,0,
2026-09-22T09:02:55,Seb,idiom_serial_recall,fake_idioms,6,visual,phrases,8,8,end,at slaa soem i taagen,at slaa soem i taagen,1.0,1,,3.0,0,
2026-09-22T09:03:40,Seb,idiom_serial_recall,fake_idioms,7,visual,phrases,8,1,start,at gaa med skeen i den forkerte gryde,q,0.0,0,q,3.0,0,
2026-09-22T09:03:40,Seb,idiom_serial_recall,fake_idioms,7,visual,phrases,8,2,start,at faa regn i stoevlerne,q,0.0,0,q,3.0,0,
2026-09-22T09:03:40,Seb,idiom_serial_recall,fake_idioms,7,visual,phrases,8,3,start,at saette sin hat efter vinden,q,0.0,0,q,3.0,0,
2026-09-22T09:03:40,Seb,idiom_serial_recall,fake_idioms,7,visual,phrases,8,4,middle,at saette ild til sin egen stige,q,0.0,0,q,3.0,0,
2026-09-22T09:03:40,Seb,idiom_serial_recall,fake_idioms,7,visual,phrases,8,5,middle,at have for mange noegler i lommen,q,0.0,0,q,3.0,0,
2026-09-22T09:03:40,Seb,idiom_serial_recall,fake_idioms,7,visual,phrases,8,6,middle,at gaa rundt om den samme sten,at gaa rundt om den samme sten,1.0,1,,3.0,0,
2026-09-22T09:03:40,Seb,idiom_serial_recall,fake_idioms,7,visual,phrases,8,7,end,at kaste hatten foer festen,at kaste hatten i graven,0.0,0,at kaste hatten i graven,3.0,0,
2026-09-22T09:03:40,Seb,idiom_serial_recall,fake_idioms,7,visual,phrases,8,8,end,at vende koppen paa hovedet,q,0.0,0,q,3.0,0,
2026-09-22T09:04:29,Seb,idiom_serial_recall,fake_idioms,8,visual,phrases,8,1,start,at have begge foedder paa samme trin,q,0.0,0,q,3.0,0,
2026-09-22T09:04:29,Seb,idiom_serial_recall,fake_idioms,8,visual,phrases,8,2,start,at traekke gardinet for tidligt,q,0.0,0,q,3.0,0,
2026-09-22T09:04:29,Seb,idiom_serial_recall,fake_idioms,8,visual,phrases,8,3,start,at gaa med vinden i lommen,q,0.0,0,q,3.0,0,
2026-09-22T09:04:29,Seb,idiom_serial_recall,fake_idioms,8,visual,phrases,8,4,middle,at gaa med hovedet under armen,q,0.0,0,q,3.0,0,
2026-09-22T09:04:29,Seb,idiom_serial_recall,fake_idioms,8,visual,phrases,8,5,middle,at slaa soem i taagen,q,0.0,0,q,3.0,0,
2026-09-22T09:04:29,Seb,idiom_serial_recall,fake_idioms,8,visual,phrases,8,6,middle,at saette sejl i modvind,at saette sejl i modvind,1.0,1,,3.0,0,
2026-09-22T09:04:29,Seb,idiom_serial_recall,fake_idioms,8,visual,phrases,8,7,end,at loebe efter sin egen skygge,q,0.0,0,q,3.0,0,
2026-09-22T09:04:29,Seb,idiom_serial_recall,fake_idioms,8,visual,phrases,8,8,end,at have vinden under skjorten,at have vinden under skjorten,1.0,1,,3.0,0,
2026-09-22T09:08:47,Seb,free_recall,unfilled_delay,1,visual,letters,16,1,start,U,U,0.5,1,,3.0,60,
2026-09-22T09:08:47,Seb,free_recall,unfilled_delay,1,visual,letters,16,2,start,M,M,1.0,1,,3.0,60,
2026-09-22T09:08:47,Seb,free_recall,unfilled_delay,1,visual,letters,16,3,start,H,J,0.0,0,J,3.0,60,
2026-09-22T09:08:47,Seb,free_recall,unfilled_delay,1,visual,letters,16,4,start,S,D,1.0,0,D,3.0,60,
2026-09-22T09:08:47,Seb,free_recall,unfilled_delay,1,visual,letters,16,5,start,N,S,0.0,0,S,3.0,60,
2026-09-22T09:08:47,Seb,free_recall,unfilled_delay,1,visual,letters,16,6,start,S,S,1.0,1,,3.0,60,
2026-09-22T09:08:47,Seb,free_recall,unfilled_delay,1,visual,letters,16,7,middle,W,W,1.0,1,,3.0,60,
2026-09-22T09:08:47,Seb,free_recall,unfilled_delay,1,visual,letters,16,8,middle,I,I,1.0,1,,3.0,60,
2026-09-22T09:08:47,Seb,free_recall,unfilled_delay,1,visual,letters,16,9,middle,F,I,1.0,0,I,3.0,60,
2026-09-22T09:08:47,Seb,free_recall,unfilled_delay,1,visual,letters,16,10,middle,I,K,1.0,0,K,3.0,60,
2026-09-22T09:08:47,Seb,free_recall,unfilled_delay,1,visual,letters,16,11,middle,Z,F,1.0,0,F,3.0,60,
2026-09-22T09:08:47,Seb,free_recall,unfilled_delay,1,visual,letters,16,12,end,U,Z,0.5,0,Z,3.0,60,
2026-09-22T09:08:47,Seb,free_recall,unfilled_delay,1,visual,letters,16,13,end,P,P,1.0,1,,3.0,60,
2026-09-22T09:08:47,Seb,free_recall,unfilled_delay,1,visual,letters,16,14,end,Z,Z,1.0,1,,3.0,60,
2026-09-22T09:08:47,Seb,free_recall,unfilled_delay,1,visual,letters,16,15,end,G,E,0.0,0,E,3.0,60,
2026-09-22T09:08:47,Seb,free_recall,unfilled_delay,1,visual,letters,16,16,end,A,B,0.0,0,B,3.0,60,
2026-09-22T09:11:01,Seb,free_recall,unfilled_delay,2,visual,letters,16,1,start,W,H,0.5,0,H,3.0,60,
2026-09-22T09:11:01,Seb,free_recall,unfilled_delay,2,visual,letters,16,2,start,H,I,1.0,0,I,3.0,60,
2026-09-22T09:11:01,Seb,free_recall,unfilled_delay,2,visual,letters,16,3,start,I,W,1.0,0,W,3.0,60,
2026-09-22T09:11:01,Seb,free_recall,unfilled_delay,2,visual,letters,16,4,start,J,E,1.0,0,E,3.0,60,
2026-09-22T09:11:01,Seb,free_recall,unfilled_delay,2,visual,letters,16,5,start,G,R,1.0,0,R,3.0,60,
2026-09-22T09:11:01,Seb,free_recall,unfilled_delay,2,visual,letters,16,6,start,P,D,0.0,0,D,3.0,60,
2026-09-22T09:11:01,Seb,free_recall,unfilled_delay,2,visual,letters,16,7,middle,P,T,0.0,0,T,3.0,60,
2026-09-22T09:11:01,Seb,free_recall,unfilled_delay,2,visual,letters,16,8,middle,G,H,1.0,0,H,3.0,60,
2026-09-22T09:11:01,Seb,free_recall,unfilled_delay,2,visual,letters,16,9,middle,L,G,0.0,0,G,3.0,60,
2026-09-22T09:11:01,Seb,free_recall,unfilled_delay,2,visual,letters,16,10,middle,L,I,0.0,0,I,3.0,60,
2026-09-22T09:11:01,Seb,free_recall,unfilled_delay,2,visual,letters,16,11,middle,V,J,1.0,0,J,3.0,60,
2026-09-22T09:11:01,Seb,free_recall,unfilled_delay,2,visual,letters,16,12,end,K,O,0.0,0,O,3.0,60,
2026-09-22T09:11:01,Seb,free_recall,unfilled_delay,2,visual,letters,16,13,end,W,N,0.5,0,N,3.0,60,
2026-09-22T09:11:01,Seb,free_recall,unfilled_delay,2,visual,letters,16,14,end,X,G,0.0,0,G,3.0,60,
2026-09-22T09:11:01,Seb,free_recall,unfilled_delay,2,visual,letters,16,15,end,M,V,0.0,0,V,3.0,60,
2026-09-22T09:11:01,Seb,free_recall,unfilled_delay,2,visual,letters,16,16,end,Q,F,0.0,0,F,3.0,60,
2026-09-22T09:14:20,Seb,free_recall,unfilled_delay,3,visual,letters,16,1,start,C,F,0.666667,0,F,3.0,60,
2026-09-22T09:14:20,Seb,free_recall,unfilled_delay,3,visual,letters,16,2,start,S,D,0.5,0,D,3.0,60,
2026-09-22T09:14:20,Seb,free_recall,unfilled_delay,3,visual,letters,16,3,start,J,A,1.0,0,A,3.0,60,
2026-09-22T09:14:20,Seb,free_recall,unfilled_delay,3,visual,letters,16,4,start,A,E,1.0,0,E,3.0,60,
2026-09-22T09:14:20,Seb,free_recall,unfilled_delay,3,visual,letters,16,5,start,C,J,0.666667,0,J,3.0,60,
2026-09-22T09:14:20,Seb,free_recall,unfilled_delay,3,visual,letters,16,6,start,S,J,0.5,0,J,3.0,60,
2026-09-22T09:14:20,Seb,free_recall,unfilled_delay,3,visual,letters,16,7,middle,Z,A,1.0,0,A,3.0,60,
2026-09-22T09:14:20,Seb,free_recall,unfilled_delay,3,visual,letters,16,8,middle,P,Z,1.0,0,Z,3.0,60,
2026-09-22T09:14:20,Seb,free_recall,unfilled_delay,3,visual,letters,16,9,middle,K,P,1.0,0,P,3.0,60,
2026-09-22T09:14:20,Seb,free_recall,unfilled_delay,3,visual,letters,16,10,middle,J,K,1.0,0,K,3.0,60,
2026-09-22T09:14:20,Seb,free_recall,unfilled_delay,3,visual,letters,16,11,middle,E,S,1.0,0,S,3.0,60,
2026-09-22T09:14:20,Seb,free_recall,unfilled_delay,3,visual,letters,16,12,end,C,C,0.666667,1,,3.0,60,
2026-09-22T09:14:20,Seb,free_recall,unfilled_delay,3,visual,letters,16,13,end,D,C,1.0,0,C,3.0,60,
2026-09-22T09:14:20,Seb,free_recall,unfilled_delay,3,visual,letters,16,14,end,O,D,1.0,0,D,3.0,60,
2026-09-22T09:14:20,Seb,free_recall,unfilled_delay,3,visual,letters,16,15,end,J,O,1.0,0,O,3.0,60,
2026-09-22T09:14:20,Seb,free_recall,unfilled_delay,3,visual,letters,16,16,end,A,J,1.0,0,J,3.0,60,
